id,domain,status,purchase_price,renewal_price,attractiveness,demand,length,registrar,created_at,expires_at,status_verified_at
bd41efad-01a3-4cbf-ad7a-754dd8c2b36e,norris.guru,available,4.49,42.99,high,low,6,namesilo,,,23/09/2026 08:18
08a8bea7-49e0-4e02-bd9c-1632ab0c9667,sections.guru,available,2.57,34.5,medium,low,8,porkbun,,,29/09/2026 05:14
3f5f17b9-ea8c-4bd4-9955-f3c3f195fdeb,tad.guru,premium,102.67,102.67,high,low,3,spaceship,,,30/09/2026 03:00
336d149c-14db-4128-8b3e-2ab07dbffdbf,revisions.guru,available,4.49,42.99,medium,low,9,namesilo,,,20/09/2026 05:28
6be9a20b-0b5f-4e78-9557-4c664e5de879,lxxi.guru,available,2.98,54.98,medium,low,4,namecheap,,,
a538abc5-ca30-4f59-b33b-95740f42aec5,imposter.guru,available,2.98,54.98,medium,low,8,namecheap,,,09/09/2026 04:57
383ac93f-320e-4668-82ac-bfdb54ca8279,tabriz.guru,available,4.49,42.99,medium,low,6,namesilo,,,01/10/2026 04:00
98e790f0-6b6e-4a9d-a291-e2c746f78104,enteral.guru,available,2.98,54.98,medium,low,7,namecheap,,,17/08/2026 09:55
4ff066a7-f2db-4edc-90fa-ef78aecbc685,caprine.guru,available,2.98,54.98,medium,low,7,namecheap,,,11/08/2026 18:06
30439536-4ce2-45e2-86fa-a33cdaea6409,perpetrator.guru,available,2.27,34.36,medium,low,11,spaceship,,,29/09/2026 20:54
fe112952-14f6-4c2e-94a5-403f264302c5,parkway.guru,available,4.49,42.99,medium,low,7,namesilo,,,30/09/2026 10:48
eb8de1fa-ecb4-4074-8bec-9cff6f040804,shotgun.guru,available,4.49,42.99,high,low,7,namesilo,,,26/09/2026 00:14
e7b2d5fc-2128-4edf-8270-71c08fee7277,pluperfect.guru,available,2.98,54.98,medium,low,10,namecheap,,,08/09/2026 22:00
1b8f5991-1d6b-49f0-8c57-ce594194061a,cards.guru,resell,,,high,low,5,"Sav.com, LLC",01/04/2026 17:24,01/04/2027 17:24,26/09/2026 04:46
90cf78b7-a45c-44e9-a0c8-f183d8fc1827,xxxi.guru,available,2.98,54.98,medium,low,4,namecheap,,,
c7486b59-51cc-4e69-8f3a-1a24d9d2836f,gastropod.guru,available,2.98,54.98,medium,low,9,namecheap,,,12/09/2026 14:04
fde65b99-b50a-47bd-99f0-74d17cb1c91c,descending.guru,available,2.27,34.36,medium,low,10,spaceship,,,28/09/2026 21:15
e8696c93-1fef-4f42-8803-f21c8991be74,permit.guru,available,4.49,42.99,high,low,6,namesilo,,,24/09/2026 18:39
7e5d004c-cc32-4e9a-ac27-818623124861,traditional.guru,available,4.49,42.99,high,low,11,namesilo,,,27/09/2026 16:56
bb8b7dc6-4608-4fd7-b940-74552e47595b,tied.guru,available,2.98,54.98,high,low,4,namecheap,,,22/08/2026 17:45
1a9d3f63-4245-42c5-8298-4413b1ec8143,prosser.guru,available,4.49,42.99,high,low,7,namesilo,,,30/09/2026 12:49
cd0303a2-c9cf-49ea-ab75-cf7aee5604fe,acapulco.guru,available,2.98,54.98,high,low,8,namecheap,,,16/09/2026 21:10
98c2d488-10a0-49af-9263-9b5ad125e7de,pseudo.guru,available,2.98,54.98,high,low,6,namecheap,,,09/09/2026 04:56
874c53fe-9833-4804-b5f5-007d73cfeb1b,mahan.guru,available,4.49,42.99,medium,low,5,namesilo,,,18/09/2026 06:45
d1f98eb3-898b-4000-9545-69b067563b21,bleak.guru,available,2.98,54.98,medium,low,5,namecheap,,,08/08/2026 21:02
94743426-b6b1-4b46-83f1-20e44edf0b48,nebulous.guru,available,2.98,54.98,medium,low,8,namecheap,,,12/08/2026 12:45
a94b749b-3d2e-4427-a00d-21dcbb7c0df7,theoretic.guru,available,2.98,54.98,medium,low,9,namecheap,,,11/09/2026 12:54
9600e3cb-4046-4c9f-bb34-67e7349b7bbd,winnie.guru,available,2.27,34.36,high,low,6,spaceship,,,29/09/2026 09:15
fadb36b6-f596-405b-bccb-8082003a557c,wacky.guru,available,4.49,42.99,high,low,5,namesilo,,,22/09/2026 08:23
e75086dc-c6cb-428e-ad6d-644bceb4454d,downcast.guru,available,2.98,54.98,medium,low,8,namecheap,,,14/08/2026 17:33
78bcfe86-7602-491c-bafe-7901a101f35e,assumed.guru,available,2.98,54.98,medium,low,7,namecheap,,,07/08/2026 07:45
f564a2c7-1c50-48d2-a629-76c17eae26af,beamy.guru,available,2.98,54.98,medium,low,5,namecheap,,,09/08/2026 04:18
39b785fe-303a-4f24-84f1-291dc4a4fdab,katowice.guru,available,2.98,54.98,medium,low,8,namecheap,,,03/10/2026 01:23
de90a465-9f37-48a1-bd13-35ad4215fb51,jangling.guru,available,2.98,54.98,medium,low,8,namecheap,,,22/08/2026 12:19
8f541528-61fc-4ee6-acfd-049254742882,awaiting.guru,available,2.5,35.26,low,low,8,dynadot,,,28/09/2026 17:49
ef8e140e-b55c-4e9b-a2b4-4cba848dde93,arbour.guru,available,4.49,42.99,medium,low,6,namesilo,,,20/09/2026 00:58
4e7aedb7-072a-4773-8090-caed7950d436,menominee.guru,available,4.49,42.99,high,low,9,namesilo,,,30/09/2026 10:33
00f8ba44-25ba-41a6-a570-3257e1003dfc,idyll.guru,available,2.98,54.98,high,low,5,namecheap,,,08/09/2026 10:11
8b82096e-cb5f-4f3a-8fa0-f6512691d60f,injectable.guru,available,2.98,54.98,high,low,10,namecheap,,,22/08/2026 05:36
bcb50a2d-86c4-407d-a429-9beec15f4c99,dryness.guru,available,2.98,54.98,high,low,7,namecheap,,,24/09/2026 22:51
2992a87c-e583-4f52-a359-d90873dc19c1,tissues.guru,available,2.27,34.36,medium,low,7,spaceship,,,29/09/2026 10:39
a4db3870-76cb-4f3c-9984-d11f63aa03b9,belling.guru,available,4.49,42.99,medium,low,7,namesilo,,,23/09/2026 06:11
7e4967d6-89ef-4c34-b38d-f6c0c05ed414,deary.guru,available,3.99,54.99,medium,low,5,name.com,,,13/08/2026 18:21
409fb27e-e9d4-49fb-9fca-8630bf700633,sharpen.guru,available,2.27,34.36,high,low,7,spaceship,,,03/10/2026 02:36
1a23351f-c29b-4a6f-922e-42104cc89109,boarding.guru,available,4.49,42.99,high,low,8,namesilo,,,27/09/2026 11:44
159f312c-1e6a-4a38-a764-761a5a25bd56,scipio.guru,available,4.49,42.99,medium,low,6,namesilo,,,29/09/2026 13:43
f0f1cc2e-c765-4c7a-be78-4d943eeaed76,pew.guru,premium,102.67,102.67,high,low,3,spaceship,,,02/10/2026 04:22
0c820b34-c833-40dd-83f6-f8d37c7e5119,turtledove.guru,available,4.49,42.99,medium,low,10,namesilo,,,21/09/2026 04:53
c3cdd693-4842-4872-8016-1e3f958f8c37,polemic.guru,available,2.98,54.98,medium,low,7,namecheap,,,08/09/2026 22:51
d36d4aeb-60b2-43ad-9e87-a3334af51901,unrigged.guru,available,2.98,54.98,medium,low,8,namecheap,,,12/09/2026 18:28
5c0ed104-084e-4253-9f36-92db79f539f7,astrantia.guru,available,4.49,42.99,medium,low,9,namesilo,,,20/09/2026 17:32
ce2e73f5-7a26-4f83-9ca6-bc11bff41b71,rand.guru,available,4.49,42.99,high,low,4,namesilo,,,21/09/2026 10:39
a43feac2-d66d-4b19-9e9c-06ab7caaaa08,salacity.guru,available,4.49,42.99,medium,low,8,namesilo,,,22/09/2026 16:54
df1bb8c4-70ee-470b-9b87-f7474cea2ee6,mingy.guru,available,2.98,54.98,low,low,5,namecheap,,,24/08/2026 23:43
369c9f61-1844-4328-9fa8-72d72191231d,storeroom.guru,available,4.49,42.99,high,low,9,namesilo,,,03/10/2026 02:11
b0c2a0df-5fae-4aae-80d8-33c9c54f14c5,appetence.guru,available,4.49,42.99,medium,low,9,namesilo,,,19/09/2026 20:44
06810c43-1944-48bc-8705-e810641e17e3,clowns.guru,available,2.27,34.36,medium,low,6,spaceship,,,30/09/2026 07:41
5f21154e-454d-47bb-b90b-44997f84a88d,allosaurus.guru,available,4.49,42.99,medium,low,10,namesilo,,,18/09/2026 12:05
5b56043f-68b1-4e73-89b9-658139ce5105,virginia.guru,premium,118.8,118.8,high,low,8,namesilo,,,25/09/2026 09:38
6cb18f09-5c21-461d-ab9b-fdc51f86495f,busily.guru,available,2.98,54.98,medium,low,6,namecheap,,,14/09/2026 01:53
0144305c-ad22-4597-b45f-23d59e75f723,thornless.guru,available,2.98,54.98,medium,low,9,namecheap,,,11/09/2026 14:08
c2d25f2c-957b-4699-85d1-b35b3bb2640e,barberry.guru,available,4.49,42.99,medium,low,8,namesilo,,,22/09/2026 04:51
9ead36b8-de84-42de-974d-339ea4646c20,matutinal.guru,available,2.98,54.98,medium,low,9,namecheap,,,24/08/2026 17:33
92713a81-be15-46aa-b8c6-82e560f344e1,welsh.guru,available,2.98,54.98,high,low,5,namecheap,,,11/08/2026 15:44
5b31fc18-7c9a-4128-a0eb-6952c9eabb0f,housebound.guru,available,2.98,54.98,medium,low,10,namecheap,,,21/08/2026 10:56
e8d8f59e-08d3-47e2-aad0-6e78ff11a5b2,cultivate.guru,available,2.27,34.36,high,low,9,spaceship,,,29/09/2026 14:11
33c407fe-d9e0-466b-86ec-7896f804f981,stringent.guru,available,2.98,54.98,medium,low,9,namecheap,,,10/09/2026 22:40
a6ecb2fb-ba47-4b5f-9b26-80147ecf98fa,cupidity.guru,available,4.49,42.99,medium,low,8,namesilo,,,21/09/2026 08:48
be000863-726c-4587-a2be-2e1d432645fa,partially.guru,available,2.98,54.98,medium,low,9,namecheap,,,15/09/2026 18:59
3672f5db-cda4-4853-b030-0438f5a308ba,monticello.guru,available,2.27,34.36,medium,low,10,spaceship,,,28/09/2026 12:25
beaf97e1-0125-4786-9a0b-ad8340357af7,hinterland.guru,available,4.49,42.99,high,low,10,namesilo,,,21/09/2026 14:33
525ef93e-6ebb-40cf-af0e-b86af9f83dfb,kin.guru,premium,242,242,high,low,3,namesilo,,,22/08/2026 16:00
19ef902d-2ca2-430b-936b-7d5050aaea50,johor.guru,available,2.27,34.36,medium,low,5,spaceship,,,02/10/2026 08:19
3f44e9fb-08f1-4324-9703-677d601876ef,systematically.guru,available,3.99,,medium,low,14,name.com,,,
641d4f12-6469-4ef5-9052-8dec0ad3f377,citrin.guru,available,3.99,54.99,high,low,6,name.com,,,23/09/2026 18:00
ba41a9b5-5fef-4625-a4a9-71b6b4e6869c,climbs.guru,available,4.49,42.99,medium,low,6,namesilo,,,30/09/2026 15:59
f4dbd353-91f5-44a0-bd4f-7f38b0ab2f42,pulverized.guru,available,2.98,54.98,medium,low,10,namecheap,,,18/08/2026 04:41
75dc66e2-9e43-4212-bbae-a2ec9715974a,vice.guru,available,2.98,54.98,high,low,4,namecheap,,,30/09/2026 14:26
43cc00be-7c33-49d8-99d7-2da4e0345a82,fulton.guru,available,4.49,42.99,high,low,6,namesilo,,,25/09/2026 06:12
1bb7e6e9-064b-4663-b4c0-6938ea876517,untypical.guru,available,2.98,54.98,medium,low,9,namecheap,,,07/08/2026 16:10
4e49b75a-a757-449c-953b-beaf5645b3f2,saxons.guru,available,4.49,42.99,low,low,6,namesilo,,,01/10/2026 16:26
f0edc653-cf4e-4667-b58e-1a23b1b3c787,southall.guru,available,2.27,34.36,medium,low,8,spaceship,,,02/10/2026 21:15
45385720-d94b-4bd7-b70c-6c73f216cc0b,shootout.guru,available,4.49,42.99,medium,low,8,namesilo,,,03/10/2026 01:04
3852e671-d114-4a0c-811d-8786ada843e3,mercantile.guru,available,2.98,54.98,medium,low,10,namecheap,,,24/08/2026 20:23
94ebc1e5-2827-4c7e-afc8-6b733d5e1d45,anopheles.guru,available,4.49,42.99,medium,low,9,namesilo,,,19/09/2026 11:39
ca77327a-b16d-4aed-9cc8-97cef1f79344,barouche.guru,available,4.49,42.99,high,low,8,namesilo,,,22/09/2026 07:43
f423d829-d46b-4611-9e88-2c144d361434,agamid.guru,available,4.49,42.99,medium,low,6,namesilo,,,17/09/2026 16:08
5c80cdf5-9606-4c16-905c-0d312d13739b,habitually.guru,available,2.98,54.98,medium,low,10,namecheap,,,14/09/2026 22:45
e208f3e8-7bdc-42f9-9281-0ea9197e639c,superlunar.guru,available,2.98,54.98,medium,low,10,namecheap,,,11/09/2026 02:21
3c2191bb-bc85-47a6-b5cc-df081ade60d5,ascendence.guru,available,4.49,42.99,high,low,10,namesilo,,,20/09/2026 13:04
c3101ec6-3ffa-456a-a8a9-3028bc8d6291,matchless.guru,available,2.98,54.98,high,low,9,namecheap,,,24/08/2026 17:00
c190a40a-8b97-4ca8-a89a-026c153a4ab3,combinations.guru,available,4.49,42.99,medium,low,12,namesilo,,,17/09/2026 17:12
87613185-c89a-4a13-8b91-dcaf2ba063fa,extant.guru,available,2.98,54.98,medium,low,6,namecheap,,,17/08/2026 18:56
e2b84f5a-34aa-454b-97cf-5df13cf109cd,coles.guru,available,4.49,42.99,medium,low,5,namesilo,,,02/10/2026 01:35
2e5e40c7-2200-42bd-8b15-330b2204d6f7,barangay.guru,available,2.57,34.5,medium,low,8,porkbun,,,02/10/2026 18:11
592f07d3-d1e1-48c8-99b7-f760d2924cf5,submersed.guru,available,2.98,54.98,medium,low,9,namecheap,,,10/09/2026 23:32
211e7587-82d3-45b7-9211-2e1173b95498,mohave.guru,available,2.98,54.98,high,low,6,namecheap,,,01/10/2026 03:01
c1341f58-12e9-4378-b4bb-d2323281511c,linchpin.guru,available,4.49,42.99,high,low,8,namesilo,,,21/09/2026 15:17
d9ecbe4f-9a10-4515-aa49-e1f6c0f226b9,acrobatic.guru,available,2.98,54.98,high,low,9,namecheap,,,
d48fe7ef-63d3-4717-b577-f3db4d606bd2,unabated.guru,available,2.98,54.98,medium,low,8,namecheap,,,11/09/2026 23:24
d13f196b-ef57-4501-af89-10f83d338393,unaware.guru,available,2.98,54.98,medium,low,7,namecheap,,,22/08/2026 01:38
6f691c61-5221-4f48-9c74-748de1c2fcb0,footnote.guru,available,33.2,33.2,high,low,8,cloudflare,,,02/10/2026 15:12
d16d2690-61c2-4b57-9793-c2fdde7c25f9,zombies.guru,available,4.49,42.99,medium,low,7,namesilo,,,18/09/2026 03:58
4a8c1dad-cdcb-4ead-a48f-b481a8947dea,consulted.guru,available,2.57,34.5,high,low,9,porkbun,,,29/09/2026 16:59
3853fb5c-12d3-4b03-8db9-8b683f45ed0d,losses.guru,available,33.2,33.2,medium,low,6,cloudflare,,,28/09/2026 10:16
ce8f332b-2220-4d13-aee1-47b469efb7f9,bearnaise.guru,available,2.98,54.98,medium,low,9,namecheap,,,22/09/2026 21:23
f94467cf-7ad2-4b07-9394-04ba48abcfb3,mesmerised.guru,available,2.98,54.98,medium,low,10,namecheap,,,17/08/2026 22:52
ac660457-8a7b-438a-8d4a-aaee3fe7ef7f,arere.guru,available,4.49,42.99,medium,low,5,namesilo,,,20/09/2026 03:56
8143fb68-4389-4dcb-a93f-0b5782e7628e,cloudlike.guru,available,2.98,54.98,medium,low,9,namecheap,,,12/08/2026 12:38
bbbeb79b-65b1-40be-9087-c707dab13abf,forgiven.guru,available,2.98,54.98,medium,low,8,namecheap,,,29/09/2026 04:41
ee892eee-a258-46b2-81c6-6eaba6262700,upbeat.guru,available,2.98,54.98,high,low,6,namecheap,,,04/09/2026 01:23
de6aefad-91a4-453c-8e15-3ecc70339346,canvasback.guru,available,4.49,42.99,medium,low,10,namesilo,,,21/09/2026 10:51
1fa58405-64ed-4bfc-9c8a-4ff9e20c2651,locking.guru,available,2.27,34.36,medium,low,7,spaceship,,,28/09/2026 06:12
1ca1c71c-2394-4759-aeb8-53a081baa76c,nonstop.guru,available,2.27,34.36,medium,low,7,spaceship,,,01/10/2026 13:31
5478d986-376c-483e-981e-a2eeb92ed2c6,agronomist.guru,available,2.98,54.98,medium,low,10,namecheap,,,17/09/2026 19:41
7bb7aa95-c977-41de-bb63-33b2a15b11e7,joining.guru,available,4.49,42.99,high,low,7,namesilo,,,25/09/2026 23:20
296bc68d-329b-4c4c-a701-4957eccbab52,mincing.guru,available,3.99,54.99,medium,low,7,name.com,,,13/08/2026 15:43
b1578000-87d8-487b-92a6-57b54e2ebb85,granola.guru,available,2.27,34.36,high,low,7,spaceship,,,29/09/2026 21:28
79cdc928-5240-431f-8d19-00d9e955b9f6,fixing.guru,available,4.49,42.99,high,low,6,namesilo,,,18/09/2026 14:47
c034ca84-fb93-43a2-b763-958345838b1a,dimensions.guru,available,4.49,42.99,medium,low,10,namesilo,,,29/09/2026 04:43
5e1cdfea-4727-4bd3-9b85-6181efaee90c,devastated.guru,available,2.57,34.5,medium,low,10,porkbun,,,28/09/2026 11:36
8657c4e2-57b0-40b4-a3d4-735ebf3a15e6,pith.guru,available,2.98,54.98,high,low,4,namecheap,,,14/09/2026 23:55
a263e7b4-4206-4e6d-a1dd-339ee206a185,drawers.guru,available,4.5,,medium,low,7,unstoppable,,,29/09/2026 06:06
11a325af-3d67-45c0-8cb5-1e0574f140bb,digitiser.guru,available,4.49,42.99,high,low,9,namesilo,,,19/09/2026 01:52
da088899-fa29-42d4-ab4b-d93fb374b789,lambent.guru,available,2.98,54.98,medium,low,7,namecheap,,,
ad1c6f21-ff2a-416b-ad64-68dd4bd4bc45,amer.guru,available,4.49,42.99,medium,low,4,namesilo,,,28/09/2026 17:41
5c232877-7b66-44eb-9506-ec57fb2a2e61,nablus.guru,available,2.27,34.36,medium,low,6,spaceship,,,03/10/2026 01:41
578add65-a3fc-4389-b204-4b24216803cc,him.guru,premium,207.2,207.2,high,low,3,spaceship,,,30/09/2026 22:23
0dbce658-0394-4c45-8324-23a4cf3a60e5,analogy.guru,available,2.27,34.36,high,low,7,spaceship,,,28/09/2026 21:11
51b2e737-dcb0-46cb-9ba6-26c4405d1208,sunstruck.guru,available,2.98,54.98,medium,low,9,namecheap,,,11/09/2026 02:01
75cc5d3e-cf05-4f85-b87c-99872f3797f3,nacreous.guru,available,2.98,54.98,medium,low,8,namecheap,,,03/09/2026 12:37
dc6b7446-5d10-4643-8ace-2b865257e131,ashburton.guru,available,2.98,54.98,medium,low,9,namecheap,,,02/10/2026 10:28
25e9f934-42eb-4e92-bd67-f585875e308d,imitate.guru,available,2.5,35.26,high,low,7,dynadot,,,29/09/2026 14:14
736be49f-958a-40cc-9f15-2e6dd7d3b1ef,chittenden.guru,available,4.49,42.99,medium,low,10,namesilo,,,01/10/2026 12:09
7888cd3d-03aa-412c-a1d8-618e2ca266e3,sister.guru,available,4.49,42.99,high,low,6,namesilo,,,26/09/2026 00:18
d7f18a7b-5493-48bd-b450-15caa3196cd2,untired.guru,available,2.98,54.98,low,low,7,namecheap,,,12/09/2026 21:29
ae9aee66-6fef-4cc5-a509-21cbd870feba,chevalier.guru,available,2.98,54.98,high,low,9,namecheap,,,11/08/2026 22:49
d9607e4f-a31a-4e23-8a26-cc777da58c94,awfully.guru,available,4.49,42.99,medium,low,7,namesilo,,,22/09/2026 15:26
e20dfc4f-4167-416d-a51f-82fe284f3090,vicious.guru,available,2.98,54.98,medium,low,7,namecheap,,,08/08/2026 16:00
0dbdd9ad-dfc5-4bdb-a25b-2ec0aadd260c,nasir.guru,available,2.57,34.5,high,low,5,porkbun,,,30/09/2026 13:54
c7241b22-f718-4d5a-bce3-893084e68767,sore.guru,available,2.98,54.98,high,low,4,namecheap,,,
961dca30-03ea-41b8-9574-bda81a67f3ab,determined.guru,available,4.49,42.99,high,low,10,namesilo,,,24/09/2026 07:38
4c0b6516-7287-4c4a-8fc5-fcac3aa3d99b,acids.guru,available,3.99,,medium,low,5,name.com,,,
9ae32393-6c56-4d23-b4ca-4106731ca2c9,bandleader.guru,available,4.49,42.99,high,low,10,namesilo,,,22/09/2026 01:25
0b916d2e-f174-47bd-8373-8049cd03c339,passion.guru,resell,,,high,low,7,"Sav.com, LLC",07/05/2026 20:58,07/05/2027 20:58,29/09/2026 05:44
df41a559-7a43-42b0-bfb8-fe0ce6ce3df5,satirical.guru,available,2.98,54.98,medium,low,9,namecheap,,,09/09/2026 21:49
bff42ee4-a79b-4282-a55b-d934db8cd5b7,socialized.guru,available,2.98,54.98,medium,low,10,namecheap,,,10/09/2026 13:12
7d8c083e-182d-4a73-a5d8-d7b34c26b47d,renata.guru,available,2.5,35.26,high,low,6,dynadot,,,03/10/2026 04:57
9fbea5db-9f51-4915-bd99-521376825af2,oldfield.guru,available,4.49,42.99,medium,low,8,namesilo,,,22/09/2026 06:52
6bf695c5-547b-4cbb-bcb6-6f2adffe22fe,palmar.guru,available,2.98,54.98,medium,low,6,namecheap,,,04/09/2026 23:58
7ce45eff-dba9-48c3-81a5-3b67b7000e55,dawes.guru,available,4.49,42.99,medium,low,5,namesilo,,,28/09/2026 09:30
f314ced5-31c0-4eb8-bfd3-22ddc0277b93,translunar.guru,available,2.98,54.98,medium,low,10,namecheap,,,11/09/2026 02:19
958ddf3a-972e-43f3-a347-f881e37abd84,agony.guru,available,2.98,54.98,medium,low,5,namecheap,,,11/09/2026 01:10
c1a4e639-bbe2-4c48-bfb8-0da6b4a95c89,biscuits.guru,available,2.27,34.36,medium,low,8,spaceship,,,29/09/2026 17:26
87a4680d-fb2e-4d0c-ab6f-58c205b2b080,nonionic.guru,available,2.98,54.98,medium,low,8,namecheap,,,03/09/2026 19:33
9b12f5de-698e-449a-89a4-401553a08f6a,borrowed.guru,available,4.49,42.99,medium,low,8,namesilo,,,27/09/2026 09:49
b7bb1818-e4c8-4895-9eb9-d3131005c533,chetah.guru,available,4.49,42.99,medium,low,6,namesilo,,,17/09/2026 01:35
d1ddc7ae-aef1-4706-b965-5503f38bdaa1,warner.guru,available,2.57,34.5,high,low,6,porkbun,,,28/09/2026 05:27
ab1126ea-04a0-4f7e-8f25-83ca9b8ad6d8,contents.guru,available,4.49,42.99,high,low,8,namesilo,,,29/09/2026 11:23
a74a8af0-e0dd-43c9-a380-56e398a161e1,circumstance.guru,available,4.49,42.99,high,low,12,namesilo,,,29/09/2026 08:31
81be52ca-2126-4bf1-88ef-c74ce087fcfb,sanely.guru,available,2.98,54.98,medium,low,6,namecheap,,,16/09/2026 00:33
dcba153d-8959-4ce1-b883-5deb6e16a679,greenly.guru,available,2.98,54.98,medium,low,7,namecheap,,,14/09/2026 22:19
e539b906-3619-48ad-85c4-44df16767862,rotating.guru,available,33.2,33.2,high,low,8,cloudflare,,,29/09/2026 16:17
97dedba8-a759-4040-a286-04ea7ed261f4,widow.guru,available,4.49,42.99,high,low,5,namesilo,,,27/09/2026 05:54
98151ff2-8564-4caf-be2f-bbdfc8671416,sacredly.guru,available,2.98,54.98,medium,low,8,namecheap,,,15/09/2026 23:01
04404978-0624-4b2a-91bd-dacc187654c8,rod.guru,premium,260,260,high,low,3,namecheap,,,29/09/2026 20:44
c5d8f205-a1c8-4318-bc42-0809ce36a873,jokingly.guru,available,2.98,54.98,medium,low,8,namecheap,,,14/09/2026 17:23
8256e810-3c43-4199-9628-e11c6625f956,allgood.guru,available,4.49,42.99,high,low,7,namesilo,,,18/09/2026 10:56
f6b13d3f-41c5-46f7-8ddb-400b99a50548,cautionary.guru,available,2.98,54.98,high,low,10,namecheap,,,
c74ec3cc-61fd-4f4d-9335-cbfad926a3df,portraits.guru,available,2.27,34.36,medium,low,9,spaceship,,,30/09/2026 00:16
47c04691-2448-47ef-b1bf-edefa32fcb37,stanton.guru,available,4.49,42.99,high,low,7,namesilo,,,25/09/2026 05:30
f0c4a299-a8d7-400c-8ee3-b641d8150bfe,requests.guru,available,2.98,54.98,medium,low,8,namecheap,,,17/09/2026 17:07
744c8cde-dd0b-4ce0-b2c0-6c49a1705662,class.guru,resell,,,high,low,5,"Sav.com, LLC - 6",23/12/2023 15:15,23/12/2026 15:15,28/09/2026 14:22
4b4026a5-e974-42c0-ba0a-064f8eaaa05c,badly.guru,available,4.49,42.99,medium,low,5,namesilo,,,22/09/2026 16:07
57d965d6-66d1-4754-9331-f8164bcf1586,ashkenazi.guru,available,4.49,42.99,medium,low,9,namesilo,,,20/09/2026 13:54
3d9d3295-dc6d-44df-b195-03ff3078b104,emergence.guru,available,4.49,42.99,high,low,9,namesilo,,,03/10/2026 00:36
e999899b-2dfc-47ee-98d1-fbdc14774222,grouch.guru,available,2.98,54.98,medium,low,6,namecheap,,,13/08/2026 04:56
d533218f-322b-41b4-bdef-483fd651bd68,universally.guru,available,2.27,34.36,high,low,11,spaceship,,,01/10/2026 18:19
6725175d-b196-45ec-9c71-1f337f78932b,crowder.guru,available,2.27,34.36,medium,low,7,spaceship,,,01/10/2026 06:58
7dbf7c68-5fa8-40a4-adf9-dc9290ad246b,mah.guru,available,2.57,34.5,high,low,3,porkbun,,,30/09/2026 20:10
5760b012-8cfa-4109-8f9c-73b1c6283025,wycombe.guru,available,33.2,33.2,medium,low,7,cloudflare,,,02/10/2026 10:05
93e527d3-8b2b-4ea6-b488-77b4d9d285d1,locomotor.guru,available,2.98,54.98,medium,low,9,namecheap,,,24/08/2026 08:50
50054e81-e028-4b2a-a9b7-e7df1b691cde,balk.guru,available,2.98,54.98,medium,low,4,namecheap,,,14/08/2026 04:55
61861f1d-f187-403e-bef1-cacb38e27ebf,homecoming.guru,available,4.5,,high,low,10,unstoppable,,,28/09/2026 19:27
90b65e1f-8ee8-4dd4-abdb-15b61e03b7d0,sank.guru,available,33.2,33.2,medium,low,4,cloudflare,,,29/09/2026 16:38
05398562-a532-4e73-af9e-6a25ac4f760f,goldsboro.guru,available,2.5,35.26,medium,low,9,dynadot,,,03/10/2026 01:00
3ad4e7df-fa43-402f-902a-0b3b1c0eaf79,behavioral.guru,available,2.98,54.98,medium,low,10,namecheap,,,09/08/2026 10:16
78688c6c-bb86-489b-b06f-3c38b24d07e0,pit.guru,premium,242,242,high,low,3,namesilo,,,24/09/2026 13:22
fe5aafc2-6665-458d-82d9-817d55f6f589,resolved.guru,available,2.27,34.36,high,low,8,spaceship,,,27/09/2026 12:25
fc5b50cc-028b-4602-a74d-e008e800c90e,defection.guru,available,2.98,54.98,medium,low,9,namecheap,,,19/09/2026 19:16
a9b90c2e-888f-4db9-8662-afa1f48d4ff2,intermedia.guru,available,2.27,34.36,high,low,10,spaceship,,,01/10/2026 15:25
173f2f2c-8f53-4c77-bd2d-2f6124bcb220,aquamarine.guru,available,4.49,42.99,high,low,10,namesilo,,,19/09/2026 22:49
3e7ec90f-252b-4821-af8d-571eda587a22,orbitual.guru,available,2.98,54.98,medium,low,8,namecheap,,,04/09/2026 17:39
f09d82c2-d03d-43b4-97dd-9769ecc193ca,allusive.guru,available,2.98,54.98,medium,low,8,namecheap,,,
fac66860-925f-4da0-acf2-0ff2567de48e,crushing.guru,available,2.98,54.98,high,low,8,namecheap,,,13/08/2026 09:13
51c79106-28e4-41d6-9c82-99b336147001,endermic.guru,available,2.98,54.98,medium,low,8,namecheap,,,17/08/2026 00:56
b68859bf-146c-496b-839c-f00db2187e5e,ferguson.guru,available,2.98,54.98,high,low,8,namecheap,,,25/09/2026 17:55
27c8a42d-6889-4c23-8361-4786ab174369,scrunch.guru,available,2.98,54.98,medium,low,7,namecheap,,,13/08/2026 07:18
a7f9bfcd-77f0-43b2-8f81-3f08c983a36c,desirous.guru,available,2.98,54.98,medium,low,8,namecheap,,,14/08/2026 03:49
a26904a5-ad09-489c-8744-82060b44db7e,awning.guru,available,4.49,42.99,high,low,6,namesilo,,,21/09/2026 10:12
3a3fe9d3-24b2-4643-a8f8-f41faa10b6d4,warhead.guru,available,2.98,54.98,high,low,7,namecheap,,,30/09/2026 18:18
68b5ab5f-0492-4381-9b1b-7a5285f65a4a,uptill.guru,available,2.98,54.98,low,low,7,namecheap,,,16/09/2026 20:20
698e2420-f60b-42d2-98f4-24fc9eea8c27,nuthin.guru,available,4.49,42.99,medium,low,6,namesilo,,,02/10/2026 04:51
b52ae77c-ae4d-4617-aee1-e58750082c54,obsolete.guru,available,2.98,54.98,medium,low,8,namecheap,,,14/08/2026 13:30
7e52db7f-654c-4c24-87bf-fc1ef90742ff,rabbinic.guru,available,2.98,54.98,medium,low,8,namecheap,,,09/09/2026 09:14
b1e56f83-012b-4fc8-afbe-16d73a058349,cacomistle.guru,available,4.49,42.99,medium,low,10,namesilo,,,22/09/2026 12:02
fd0eae42-6650-4464-af85-6872a0a00f0f,quartermaster.guru,available,4.49,42.99,medium,low,13,namesilo,,,03/10/2026 02:38
8b331005-6566-4d55-bf80-bd0039d2e1d0,asce.guru,available,4.49,42.99,medium,low,4,namesilo,,,02/10/2026 19:47
44d32c72-686f-427e-9e9c-199052c0d8b2,apogamy.guru,available,2.98,54.98,medium,low,7,namecheap,,,19/09/2026 18:27
513fce30-fa82-4c92-a4f8-be5e08024756,usf.guru,available,4.49,42.99,medium,low,3,namesilo,,,01/10/2026 23:53
b47ea17f-132c-45ed-9e36-03a38fcfdbbb,butts.guru,available,33.2,33.2,medium,low,5,cloudflare,,,29/09/2026 11:36
b518dd75-da7d-4a1c-8c39-26a9c4ede4b9,holden.guru,available,2.27,34.36,high,low,6,spaceship,,,28/09/2026 16:09
254f8dd9-44c7-4fbf-a0d3-400f3cc067e9,alopecia.guru,available,2.98,54.98,medium,low,8,namecheap,,,18/09/2026 13:18
f54f0f3c-0c74-4581-9502-acb8a83da05c,horrific.guru,available,2.98,54.98,medium,low,8,namecheap,,,14/08/2026 08:59
eeefa7a1-371d-4591-85d7-87f4578f554c,leipzig.guru,available,2.57,34.5,high,low,7,porkbun,,,02/10/2026 05:37
ed9df2b6-009e-4ccb-b270-d50103a5d5df,zaragoza.guru,available,33.2,33.2,medium,low,8,cloudflare,,,29/09/2026 08:01
7cbd2b4e-1e6f-43a9-9f6e-f7a2e960b460,tolerate.guru,available,4.49,42.99,high,low,8,namesilo,,,24/09/2026 10:45
28ff394a-dd97-4983-b284-227fbaf60f37,flips.guru,available,2.98,54.98,medium,low,5,namecheap,,,19/09/2026 20:33
3da04d3e-ac01-4980-8ed6-7b65bf5542cb,hogan.guru,available,4.49,42.99,high,low,5,namesilo,,,23/09/2026 07:21
202ba9de-4489-4f7f-bccb-4fad1d8c02d0,osceola.guru,available,2.27,34.36,medium,low,7,spaceship,,,29/09/2026 22:43
9c47259a-b103-4557-9f9d-5b57f296997e,anorgasmia.guru,available,4.49,42.99,medium,low,10,namesilo,,,19/09/2026 11:47
4a647004-6592-47d9-8a49-738ef1824a64,liquidation.guru,available,4.5,,high,low,11,unstoppable,,,02/10/2026 21:24
75f4fc7e-216b-4428-897c-f39f0c17674c,jocund.guru,available,2.98,54.98,medium,low,6,namecheap,,,22/08/2026 13:40
b0b0a048-61ae-417b-8015-125c9bdb8cfd,carmine.guru,available,2.98,54.98,high,low,7,namecheap,,,10/08/2026 15:02
6df46483-1164-44d0-8e1d-e8dc261aeb29,lethargic.guru,available,2.98,54.98,medium,low,9,namecheap,,,23/08/2026 00:27
f4437a2d-ea86-43a7-90ba-78446c4b4144,compares.guru,available,2.27,34.36,medium,low,8,spaceship,,,30/09/2026 15:18
82298fb4-4623-4b6c-8685-fba72215eca7,susquehanna.guru,available,4.49,42.99,medium,low,11,namesilo,,,27/09/2026 01:59
762485a3-b2b3-4bcb-9a20-a286ab636fc6,extramural.guru,available,2.98,54.98,medium,low,10,namecheap,,,17/08/2026 19:18
c64b37ab-5320-471d-bb78-4cec1720d807,defines.guru,available,2.27,34.36,medium,low,7,spaceship,,,30/09/2026 15:14
74222328-7307-4c2d-8bdb-75cd40d501af,ger.guru,available,2.27,34.36,high,low,3,spaceship,,,01/10/2026 22:45
ad853d2c-9a68-4b7a-ae92-32393c3b7d49,allmouth.guru,available,2.98,54.98,medium,low,8,namecheap,,,18/09/2026 11:45
da1a3160-1ef7-4fce-a3b3-079a72349e48,greensboro.guru,premium,128.7,128.7,high,low,10,namecheap,,,27/09/2026 04:17
e05aa833-adc1-4cff-aac6-5c6097820f34,dwelling.guru,available,4.5,,high,low,8,unstoppable,,,29/09/2026 17:19
7b83a65b-6737-46a5-a97d-645ae124236c,deduction.guru,available,4.49,42.99,high,low,9,namesilo,,,30/09/2026 09:21
36430419-ce3f-44df-a63a-e0b952916c76,mcdaniel.guru,available,2.27,34.36,medium,low,8,spaceship,,,29/09/2026 04:34
f4d49bf5-3f1c-425b-93da-4c4f947dd49b,reported.guru,available,33.2,33.2,high,low,8,cloudflare,,,27/09/2026 11:56
35862108-b512-476d-9bf1-ef065ce27376,organisation.guru,available,33.2,33.2,medium,low,12,cloudflare,,,29/09/2026 04:49
6cca6bca-66f3-4e76-9d8c-04579001a450,hain.guru,available,4.5,,high,low,4,unstoppable,,,02/10/2026 18:26
10983fcf-b9cc-4b41-8b23-e0e6694484de,collection.guru,available,4.5,42.99,high,low,10,unstoppable,,,02/10/2026 04:23
95319130-a63d-489c-97c4-43dd60214b7b,melissa.guru,premium,118.8,118.8,high,low,7,namesilo,,,27/09/2026 04:11
daf5642f-5f17-4158-90e9-51767d756e6e,cosmonaut.guru,available,2.98,54.98,high,low,9,namecheap,,,20/09/2026 18:01
f26e6e1a-1fdb-4d5e-ae98-f68433c315a3,pyramid.guru,resell,,,high,low,7,Dynadot Inc,19/01/2026 17:00,19/01/2027 17:00,26/09/2026 08:26
f1b2fa80-a9ac-4d34-9fe6-7cb684890c60,elmhurst.guru,available,4.49,42.99,medium,low,8,namesilo,,,02/10/2026 01:13
9b778c9f-cd67-4e35-bb75-bf083e08bab1,tact.guru,available,4.49,42.99,high,low,4,namesilo,,,01/10/2026 21:55
8138c213-9cc6-4566-a819-302352223688,banning.guru,available,2.98,54.98,medium,low,7,namecheap,,,18/08/2026 11:11
2ef10d4d-9e3f-41a0-b392-fa5e39ea5588,eternal.guru,resell,,,high,medium,7,"Sav.com, LLC",22/08/2025 22:11,22/08/2027 22:11,27/09/2026 06:58
b896ef45-e30a-45a4-935c-702999826bb3,crybaby.guru,available,4.49,42.99,medium,low,7,namesilo,,,23/09/2026 06:47
0b22678f-925e-42a4-967d-55e9bf55e4c4,inspectors.guru,available,2.27,34.36,medium,low,10,spaceship,,,01/10/2026 17:30
18ef3123-0237-46a2-acff-9c57ac0b703d,nicolas.guru,available,4.49,42.99,high,low,7,namesilo,,,25/09/2026 13:18
dac08316-f4bf-4938-8d57-31644c3371a8,calculated.guru,available,2.98,54.98,high,low,10,namecheap,,,11/08/2026 13:58
bad718de-a894-45be-a463-d59c7642cd76,papal.guru,available,2.98,54.98,medium,low,5,namecheap,,,06/08/2026 04:09
03d22473-7b5f-49b6-b890-101fa774c2b1,adenovirus.guru,available,4.49,42.99,medium,low,10,namesilo,,,17/09/2026 07:41
a7f17223-e73e-4dd0-b507-53ac3daff86a,implies.guru,available,4.49,42.99,medium,low,7,namesilo,,,29/09/2026 15:58
516837c2-92db-46a5-b950-321eb4826c9d,whippy.guru,available,2.98,54.98,medium,low,6,namecheap,,,13/09/2026 11:26
24859019-f933-410e-a174-a5579ac9210e,modesto.guru,premium,118.8,118.8,medium,low,7,namesilo,,,29/09/2026 15:37
7f16ae0b-e181-49ba-8460-4d52be525a9e,unrest.guru,available,4.5,,high,low,6,unstoppable,,,30/09/2026 01:36
4558d8a6-4d1c-4641-97f5-0b769aff547b,rambling.guru,available,2.98,54.98,medium,low,8,namecheap,,,17/08/2026 16:41
620e8ceb-e697-44ea-b336-1f7d39907de4,niggle.guru,available,4.49,42.99,medium,low,6,namesilo,,,23/09/2026 13:17
27e559da-f40d-4ab7-b823-30ef4f54ff36,bruges.guru,available,33.2,33.2,medium,low,6,cloudflare,,,29/09/2026 06:10
5b8637c1-c6da-43b9-9d7f-7397d9d13311,ankara.guru,premium,118.8,118.8,high,low,6,namesilo,,,19/09/2026 07:05
20784f23-e7a6-414c-8907-15e236d0e90f,combustive.guru,available,2.98,54.98,low,low,10,namecheap,,,12/08/2026 18:42
32ae7a59-8f1a-4997-8735-f3a38960a1b8,merit.guru,resell,,,high,low,5,"Name.com, Inc.",31/12/2025 06:52,31/12/2026 06:52,29/09/2026 14:06
f06a3d6d-b8b0-4e64-a1c0-c3fa75923bea,rampantly.guru,available,2.98,54.98,medium,low,9,namecheap,,,13/09/2026 11:58
49f2b642-cda9-48e3-b877-a6912412573c,tompkins.guru,available,2.27,34.36,medium,low,8,spaceship,,,28/09/2026 08:31
0cca21c7-9d53-47d9-942f-452559cd9049,avocation.guru,available,4.49,42.99,medium,low,9,namesilo,,,21/09/2026 09:37
b3509935-42ad-4612-b24c-d3315f912cdb,melody.guru,resell,,,high,low,6,,,,28/09/2026 02:24
bbc618f2-9110-4b9a-95d3-cedf06ef6e88,turnip.guru,available,33.2,33.2,high,low,6,cloudflare,,,02/10/2026 04:09
a4a0a3f2-73ed-4372-8c90-d2eee916ae9a,fascination.guru,available,2.98,54.98,high,low,11,namecheap,,,29/09/2026 16:24
7031eb4e-8f90-480f-9685-21e6243c8ed4,ament.guru,available,2.98,54.98,medium,low,5,namecheap,,,18/09/2026 18:57
0b9fbbb2-d5e3-45d3-9f29-0f46ef2ea55c,fergusson.guru,available,4.5,,medium,low,9,unstoppable,,,02/10/2026 02:38
d7e837c0-1885-4677-8f4f-cde31dda7624,guadalupe.guru,available,2.98,54.98,medium,low,9,namecheap,,,25/09/2026 15:36
848e65db-8233-47bd-82e7-319f24a7b417,volute.guru,available,2.98,54.98,medium,low,6,namecheap,,,12/08/2026 16:14
6bdbac26-8c13-48ad-ad87-47102872f8c1,backless.guru,available,2.98,54.98,medium,low,8,namecheap,,,08/08/2026 05:48
51a96b48-ea72-446b-a29b-319685b83181,prominent.guru,available,4.49,42.99,high,low,9,namesilo,,,27/09/2026 07:23
1bc54c39-dd63-43ea-9daa-461fe65c7894,warrington.guru,available,4.49,42.99,medium,low,10,namesilo,,,28/09/2026 07:51
70f5316a-12a2-40ce-955a-142412916b08,distorted.guru,available,2.98,54.98,medium,low,9,namecheap,,,13/08/2026 23:39
5400eb97-ec32-4b27-91e5-dfda13d82762,samson.guru,available,2.27,34.36,high,low,6,spaceship,,,28/09/2026 01:08
6fcb824b-7cf1-47cf-a66c-10897be0765b,greyed.guru,available,2.98,54.98,medium,low,6,namecheap,,,20/08/2026 20:04
503270aa-bc26-4788-b6b3-979d7c52a444,atonement.guru,available,4.49,42.99,high,low,9,namesilo,,,21/09/2026 00:28
85d218eb-1110-47da-9aab-dc1d02435ec4,baldwin.guru,available,2.98,54.98,high,low,7,namecheap,,,16/09/2026 12:19
6d898ba3-7e63-4e7b-b495-be05eba45bd6,lenticular.guru,available,2.98,54.98,high,low,10,namecheap,,,09/08/2026 19:26
7fa29d16-83b2-4bc3-a5b5-22d19b0c6c93,throats.guru,available,4.49,42.99,low,low,7,namesilo,,,20/09/2026 08:21
382662c6-0b20-4430-a268-fcdd6935410b,history.guru,premium,242,242,high,low,7,namesilo,,,28/09/2026 17:27
61b4d560-45a5-41f1-8491-6cf4743232fb,worms.guru,available,33.2,33.2,medium,low,5,cloudflare,,,28/09/2026 03:50
5cdd131c-1bcd-46ff-b013-78608b2d5d5d,insincere.guru,available,2.98,54.98,medium,low,9,namecheap,,,22/08/2026 07:08
df468cfc-23f2-4bc3-ad89-294563dcced1,anamorphic.guru,available,2.98,54.98,medium,low,10,namecheap,,,
def853bf-0908-4d35-83ad-7cbba8edabd1,mcmaster.guru,available,4.49,42.99,high,low,8,namesilo,,,29/09/2026 01:24
61f4607b-cefd-4588-bd00-e8abbc4dad45,adps.guru,available,4.49,42.99,medium,low,4,namesilo,,,17/09/2026 09:53
036182d1-3cc1-4bef-942e-01676382ab84,cumulative.guru,available,2.98,54.98,high,low,10,namecheap,,,
3cc25d2e-d53f-4a6e-8108-f4cdb4799a9c,nosocomial.guru,available,2.98,54.98,low,low,10,namecheap,,,03/09/2026 21:56
ff3def60-5436-4a6d-b307-e8ab5913b34a,liberties.guru,available,4.49,42.99,medium,low,9,namesilo,,,18/09/2026 04:52
3af05295-62fc-4e0e-ba9f-3ee214ac0d4e,recaptured.guru,available,2.98,54.98,medium,low,10,namecheap,,,18/09/2026 19:20
4a5629d3-7b3b-4a75-97bf-809a6de26d24,raton.guru,available,2.27,34.36,medium,low,5,spaceship,,,28/09/2026 22:49
446ea904-0ebe-4ec0-90e7-6a4bec701729,estimators.guru,available,4.49,42.99,medium,low,10,namesilo,,,20/09/2026 23:34
4564080c-56a3-4836-9d49-e1e5bf1875f3,swung.guru,available,2.27,34.36,medium,low,5,spaceship,,,30/09/2026 14:20
5d352dad-95d8-42c9-bedd-276a0e0d4330,crocked.guru,available,2.98,54.98,low,low,7,namecheap,,,09/08/2026 15:34
f1dff3bb-10bf-4859-8c93-40113ff35b40,letting.guru,available,2.98,54.98,high,low,7,namecheap,,,09/09/2026 14:21
44c5e3ae-e6a1-40e8-8791-df48614b8bf4,magnate.guru,available,4.49,42.99,high,low,7,namesilo,,,23/09/2026 14:16
3e73af75-656e-4810-925b-73c6c772aa29,amenable.guru,available,4.49,42.99,high,low,8,namesilo,,,22/09/2026 04:02
7abc11ab-cfd2-4a31-9484-92f317ce977e,centesimal.guru,available,2.98,54.98,medium,low,10,namecheap,,,
929f00c8-56ce-4841-b7bf-8a78fc77852b,disordered.guru,available,2.98,54.98,medium,low,10,namecheap,,,14/08/2026 11:18
8a551cc3-106f-4140-93b5-1b68e662c62c,correcting.guru,available,2.98,54.98,medium,low,10,namecheap,,,01/10/2026 15:24
1a8d7315-c56c-4a7c-83f5-1a7af311b5ab,pain.guru,resell,,,high,low,4,"Sav.com, LLC - 20",18/09/2025 17:00,18/09/2027 17:00,29/09/2026 23:26
1f51fb48-7391-4c9a-957a-8edec09fff10,rupicolous.guru,available,2.98,54.98,medium,low,10,namecheap,,,09/09/2026 19:41
19879877-4c3b-4519-8ad8-50ed4b809a1f,bureaucratic.guru,available,2.27,34.36,medium,low,12,spaceship,,,30/09/2026 19:59
18376631-885b-424a-9eeb-0103da9b5f73,cox.guru,premium,207.2,207.2,high,low,3,spaceship,,,03/10/2026 00:19
bade8497-66f1-4192-b931-ff698f72db7f,norwich.guru,available,2.98,54.98,medium,low,7,namecheap,,,25/09/2026 14:43
8cd2466b-f4ea-4850-850d-9a09a71e59aa,manifestly.guru,available,2.98,54.98,medium,low,10,namecheap,,,08/09/2026 20:23
53810256-4efa-4cd5-be0d-e59617aac478,ancylus.guru,available,2.98,54.98,medium,low,7,namecheap,,,19/09/2026 03:54
7e18a894-b376-40c0-bd5d-aa4bd24fa5db,faithfully.guru,available,2.98,54.98,high,low,10,namecheap,,,14/09/2026 11:42
a1ece0eb-1733-4725-bf03-feb23e3e3c58,bmr.guru,available,4.49,42.99,high,low,3,namesilo,,,22/09/2026 09:49
815a88c9-15a1-40ca-b4ca-2e1413e401b6,footed.guru,available,2.98,54.98,medium,low,6,namecheap,,,18/08/2026 10:43
172279ef-9fe4-483d-be8f-315eeb391648,pebble.guru,available,2.57,34.5,high,low,6,porkbun,,,30/09/2026 02:28
d250164e-c273-4a49-8d2e-8de9daee9757,kissing.guru,available,2.98,54.98,high,low,7,namecheap,,,24/09/2026 12:56
68e5b38a-5feb-4dfd-b946-2efca405b250,abed.guru,available,2.98,54.98,medium,low,4,namecheap,,,13/09/2026 16:13
738ca4a8-0499-468d-a4bd-88a8fb711e8b,slang.guru,available,2.98,54.98,high,low,5,namecheap,,,12/08/2026 15:12
04481a9c-86fa-4f12-b553-821b61fb6d58,miki.guru,available,2.27,34.36,high,low,4,spaceship,,,02/10/2026 04:00
e9178531-a849-4a42-99e7-038494d0b140,seeded.guru,available,2.98,54.98,medium,low,6,namecheap,,,10/09/2026 01:43
1a1bcb7c-6c69-4ba5-9524-89f5ed4fc809,winona.guru,available,2.27,34.36,medium,low,6,spaceship,,,28/09/2026 22:06
ba228832-e06f-40d5-bd8f-b0d672010e40,dominance.guru,available,2.27,34.36,high,low,9,spaceship,,,28/09/2026 22:25
354d5360-62a8-450d-a62f-1a013c692377,lakh.guru,available,2.98,54.98,medium,low,4,namecheap,,,21/08/2026 15:36
2e71103d-4ec1-4371-bfba-e1af03dd535e,lsd.guru,available,2.27,34.36,high,low,3,spaceship,,,28/09/2026 06:12
52f0e25c-2cf9-4266-86bf-0e83a4354415,castleton.guru,available,4.5,,medium,low,9,unstoppable,,,02/10/2026 20:54
cac072d7-e214-4928-a3f0-3932a6408590,convenient.guru,available,3.99,54.99,high,low,10,name.com,,,23/09/2026 15:48
6b6cdba4-46cf-44cd-8fd9-d3c03fba29a8,marlon.guru,available,2.98,54.98,high,low,6,namecheap,,,29/09/2026 15:44
1fbf7e29-d404-4343-b537-9db19e09a7b0,resolvent.guru,available,2.98,54.98,medium,low,9,namecheap,,,10/09/2026 13:54
0cac3ece-14bb-42af-b351-ee5f788a5243,gothic.guru,available,2.98,54.98,high,low,6,namecheap,,,20/08/2026 17:17
2c49426a-0765-4afe-9515-0ffbba5a5c19,respite.guru,available,4.49,42.99,high,low,7,namesilo,,,16/09/2026 14:06
41607c27-5438-44c2-9e02-8bad903b9fbd,paton.guru,available,4.49,42.99,medium,low,5,namesilo,,,18/09/2026 01:46
f3f399c5-f961-4b79-8781-37da18fb8e6b,bakunin.guru,available,2.98,54.98,medium,low,7,namecheap,,,21/09/2026 20:26
f89492fa-6b26-4bb5-a05f-98f7bd012eb2,todos.guru,available,4.49,42.99,medium,low,5,namesilo,,,02/10/2026 22:55
05bc1dc5-d39a-4b20-8833-6d31a09f46c6,chewed.guru,available,2.27,34.36,medium,low,6,spaceship,,,02/10/2026 18:01
66c7ce3e-ed54-4f1e-abf9-6f61f24eb91b,entertained.guru,available,4.49,42.99,medium,low,11,namesilo,,,29/09/2026 10:59
c9f2088f-976e-4034-9df1-073283588474,winkle.guru,available,2.98,54.98,medium,low,6,namecheap,,,18/08/2026 06:48
5e731234-0ed6-485f-9f4f-a1b6738f6d7e,libertine.guru,available,3.99,54.99,medium,low,9,name.com,,,13/08/2026 20:22
5a9a02c6-614b-4b85-9e50-823b0a28e02d,urethral.guru,available,2.98,54.98,medium,low,8,namecheap,,,12/09/2026 23:35
ec4fce67-3bc9-44cb-b68c-c9a266d3067c,complaint.guru,available,4.49,42.99,high,low,9,namesilo,,,25/09/2026 07:37
bd51ed1f-0af2-4148-9d87-e7ceda1f6de5,headstrong.guru,available,2.98,54.98,medium,low,10,namecheap,,,18/08/2026 16:35
d8889b45-c0d7-48a9-a02e-0f791a153df4,tragedy.guru,available,4.49,42.99,medium,low,7,namesilo,,,24/09/2026 11:39
81ac3a7f-4877-4f4a-959e-e8026ad5db33,hailey.guru,available,33.2,33.2,medium,low,6,cloudflare,,,02/10/2026 23:22
97974871-8e02-4090-af7b-053d0119aa61,bayat.guru,available,2.98,54.98,medium,low,5,namecheap,,,22/09/2026 17:57
47677158-15a6-4cd5-a9bf-8bc64a3c0e55,cet.guru,available,4.49,42.99,medium,low,3,namesilo,,,30/09/2026 13:12
fda380fd-3073-4407-91ae-aa8e5a8738c4,angiology.guru,available,4.49,42.99,medium,low,9,namesilo,,,19/09/2026 06:13
97b1e814-a240-4284-a58a-2e6e67152951,jackfruit.guru,available,4.49,42.99,high,low,9,namesilo,,,20/09/2026 11:58
066d3f7f-2aab-4646-b11d-9a97598472ff,bespoken.guru,available,2.98,54.98,medium,low,8,namecheap,,,09/08/2026 17:31
956a008f-0626-44fa-ae46-927c97c6479a,clapping.guru,available,2.98,54.98,high,low,8,namecheap,,,19/09/2026 20:57
db37d392-9653-43b1-8373-c51f666e4ff1,diagonally.guru,available,2.98,54.98,medium,low,10,namecheap,,,14/09/2026 12:34
7fa19954-8d89-4f34-ba59-9490caba3c65,maximize.guru,available,2.27,34.36,high,low,8,spaceship,,,29/09/2026 20:44
bf1ce1d5-bb8d-4b73-86b2-3585339d8dcc,resole.guru,available,2.98,54.98,medium,low,6,namecheap,,,10/09/2026 13:33
d3bc8a72-151b-477e-ba47-9560476725e8,conform.guru,available,2.98,54.98,high,low,7,namecheap,,,30/09/2026 17:47
19168a20-3944-45fd-961c-a8c1494e0a62,dolls.guru,premium,108.9,108.9,medium,low,5,dynadot,,,28/09/2026 09:09
fd0eb4ab-f9cb-46cc-9a9f-a5fad96db56f,burroughs.guru,available,2.57,34.5,medium,low,9,porkbun,,,02/10/2026 04:12
4451b2b5-9041-4778-bbdc-a6369a2d4173,potbelly.guru,available,4.49,42.99,medium,low,8,namesilo,,,22/09/2026 17:43
f67d912a-099c-49ce-9218-4228e6d76627,unstudied.guru,available,2.98,54.98,medium,low,9,namecheap,,,12/09/2026 06:07
8b2ad5f7-26f6-4011-a830-587851799b96,operose.guru,available,2.98,54.98,medium,low,7,namecheap,,,06/08/2026 17:05
e17ee3ca-51eb-423a-b4b6-3b8ee9455109,annulment.guru,available,2.98,54.98,medium,low,9,namecheap,,,16/09/2026 17:16
b21a4dd2-6157-4245-925b-c9d23ba6f6f1,molded.guru,available,2.98,54.98,high,low,6,namecheap,,,25/08/2026 03:46
3640f84f-03a1-40e8-acf1-af85a77aebbf,apostate.guru,available,2.98,54.98,medium,low,8,namecheap,,,06/08/2026 03:35
afc583ce-8151-4796-9244-892af0ed5423,phocine.guru,available,2.98,54.98,medium,low,7,namecheap,,,08/09/2026 18:58
e1003d15-abea-4c17-831c-38018779b9b3,elects.guru,available,4.49,42.99,medium,low,6,namesilo,,,21/09/2026 04:31
aa2da2f7-fcd5-4241-8c85-943e78eb1704,unobvious.guru,available,2.98,54.98,medium,low,9,namecheap,,,12/09/2026 16:07
a162e218-4d51-42bc-922c-ae4d3b589da1,advocates.guru,available,4.49,42.99,medium,low,9,namesilo,,,02/10/2026 22:00
17705e4f-c9d5-4bb7-ba93-7073f526a731,sumner.guru,available,2.27,34.36,high,low,6,spaceship,,,29/09/2026 08:10
c00a05e5-a8f9-47da-afde-7cf455a40ee1,barman.guru,available,4.49,42.99,medium,low,6,namesilo,,,22/09/2026 06:19
5634d8bc-cdfa-43fb-bdd8-8fd6bb076d9c,easing.guru,available,33.2,33.2,high,low,6,cloudflare,,,02/10/2026 14:56
49c4d569-9fe6-49a9-8442-a63e4808c183,arachnoid.guru,available,2.98,54.98,medium,low,9,namecheap,,,06/08/2026 11:41
9aa8334f-2373-4308-8ce5-96a3a97951b2,unsolved.guru,available,2.98,54.98,medium,low,8,namecheap,,,12/09/2026 18:23
86070f02-5735-4466-87c8-a83029681846,loyalty.guru,resell,,,high,low,7,"Spaceship, Inc.",21/02/2026 17:40,21/02/2027 17:40,26/09/2026 07:20
c1d3fd56-888f-4a87-a0f0-6540e8db6055,horsham.guru,available,4.5,,medium,low,7,unstoppable,,,02/10/2026 10:26
a4568765-007a-4649-a330-08b91ab5e772,ariose.guru,available,2.98,54.98,medium,low,6,namecheap,,,06/08/2026 19:19
60acdb5b-6ba9-4ffc-b834-b4f5e6ca3836,rawalpindi.guru,available,4.5,,medium,low,10,unstoppable,,,03/10/2026 01:53
ea56a59a-7439-488c-9647-9611ed40325a,acceptance.guru,available,4.49,42.99,high,low,10,namesilo,,,16/09/2026 22:01
35ecaf34-d20a-4381-acb2-84ea78d24565,heartfelt.guru,available,2.98,54.98,high,low,9,namecheap,,,21/08/2026 02:11
2a29e078-813f-4516-9223-baa3ce0922c3,russia.guru,resell,,,high,medium,6,"Sav.com, LLC - 28",06/12/2025 15:15,06/12/2026 15:15,30/09/2026 10:26
665b2abb-8ed5-4fa1-8603-be6ac964574d,measurably.guru,available,2.98,54.98,medium,low,10,namecheap,,,15/09/2026 13:50
c3c78478-c2be-4a6d-a2eb-b95e767ade81,hendrix.guru,available,4.49,42.99,high,low,7,namesilo,,,28/09/2026 05:59
1a74f06d-badb-4080-872e-4cdff66c26b8,folks.guru,available,2.98,54.98,high,low,5,namecheap,,,24/09/2026 16:34
49af9d96-8407-4165-8557-ae05b8f315bd,blather.guru,available,4.49,42.99,medium,low,7,namesilo,,,24/09/2026 04:46
e9d1bd39-b927-470a-8ace-cd7ce12b5711,minimalism.guru,available,4.5,,high,low,10,unstoppable,,,03/10/2026 01:37
4a76b9f9-2bf4-4780-b94e-a3680f575bbc,burning.guru,available,4.49,42.99,high,low,7,namesilo,,,23/09/2026 11:45
efaa25bf-ef7c-4ac9-84c5-e7747ef9ca16,biro.guru,available,4.49,42.99,medium,low,4,namesilo,,,21/09/2026 23:23
438d8e20-2c13-4f51-b5ba-2452fccaa64a,agenesis.guru,available,2.98,54.98,medium,low,8,namecheap,,,17/09/2026 17:08
48f96737-6a44-4d5a-9e58-460090735d91,elemental.guru,available,2.98,54.98,high,low,9,namecheap,,,16/08/2026 03:29
6d39249d-f77b-4997-a205-39c63afdf038,homosexual.guru,available,2.98,54.98,high,low,10,namecheap,,,18/08/2026 20:54
59dfb60d-1359-41c8-9552-ecba82522280,chinchy.guru,available,2.98,54.98,low,low,7,namecheap,,,12/08/2026 05:42
db636390-aa09-49ff-953b-f88de63ba716,lewdly.guru,available,2.98,54.98,low,low,6,namecheap,,,15/09/2026 11:12
76fb435f-60f0-444b-90ba-bebc9a9f3d20,skint.guru,available,2.98,54.98,medium,low,5,namecheap,,,11/08/2026 05:21
5015287c-6ce7-484d-ac50-1b999bf2540e,assessed.guru,available,33.2,33.2,medium,low,8,cloudflare,,,01/10/2026 00:03
18588e47-26bb-4e1d-81f2-0d9c2a9fb78f,abasic.guru,available,2.98,54.98,medium,low,6,namecheap,,,
cea5060a-df1a-4123-abfc-087061dd76f5,devine.guru,available,2.98,54.98,medium,low,6,namecheap,,,28/09/2026 17:34
76205ddb-0799-4903-9254-d04bc74fd274,brockton.guru,available,33.2,33.2,medium,low,8,cloudflare,,,30/09/2026 14:00
bacbbb93-b43e-4a3c-95ca-d85a1da497bc,thusly.guru,available,4.49,42.99,medium,low,6,namesilo,,,16/09/2026 09:04
7bbf8de7-e39b-4c09-8ba1-3a5f36c4eae4,poulet.guru,available,2.98,54.98,medium,low,6,namecheap,,,12/08/2026 04:55
2e446538-40c8-4455-afdd-365892b53d4d,motivation.guru,resell,,,high,low,10,"Sav.com, LLC - 40",30/08/2026 15:15,30/08/2027 15:15,26/09/2026 07:39
a77225f9-04f6-4b80-ba04-44178069a8b3,aedes.guru,available,4.49,42.99,medium,low,5,namesilo,,,17/09/2026 12:09
bbad86a2-65bb-4cd5-8937-28413c1bc419,teenage.guru,available,2.57,34.5,high,low,8,porkbun,,,03/10/2026 05:17
d52fe40c-986e-423a-bfd3-461659982def,autotomic.guru,available,2.98,54.98,medium,low,9,namecheap,,,07/08/2026 21:13
ccd28751-c6d9-4821-aa54-1906300260e8,picking.guru,available,2.98,54.98,high,low,7,namecheap,,,25/09/2026 09:58
d809d8cf-a102-4f2c-b6b8-3a4c7e33bf19,comparisons.guru,available,2.27,34.36,medium,low,11,spaceship,,,02/10/2026 12:56
434692cd-631c-48c5-bdc3-5564886cead0,troublesome.guru,available,2.98,54.98,medium,low,11,namecheap,,,29/09/2026 20:56
9d53ef50-1f87-480b-bd57-7b628f7a78df,choice.guru,resell,,,high,low,6,"GoDaddy.com, LLC",07/09/2020 08:07,07/09/2027 08:07,26/09/2026 04:55
bc597ded-3074-4b99-a5ab-c3a9b1c69480,favor.guru,available,4.49,42.99,high,low,5,namesilo,,,27/09/2026 03:53
5eb54bd5-31bd-4a53-b2ad-6d7f1220b77f,separately.guru,available,2.98,54.98,medium,low,10,namecheap,,,15/09/2026 08:00
b464a7ba-0c90-4200-bac2-e0216fde0c13,soy.guru,premium,220,220,high,low,3,dynadot,,,29/09/2026 12:51
215a6707-aabb-4d73-b3b2-8a2f54b2bd34,bulimic.guru,available,2.98,54.98,medium,low,7,namecheap,,,11/08/2026 08:26
e618d9a7-b761-4a12-9fbc-40f8d2f7d2c1,brains.guru,available,4.49,42.99,high,low,6,namesilo,,,25/09/2026 18:40
c46e600c-482f-4ed4-a6dd-c9d94748c0c2,mormon.guru,available,2.98,54.98,high,low,6,namecheap,,,25/08/2026 06:33
120886f9-fc20-4fa4-822e-2fc4b6bc80d8,kirsten.guru,available,2.27,34.36,medium,low,7,spaceship,,,29/09/2026 21:51
8a76068b-299d-4456-b193-6393829c14bf,scorpions.guru,available,2.57,34.5,medium,low,9,porkbun,,,02/10/2026 22:42
7fe7a6a4-3c8a-4827-8f7b-8a95905b7c8d,earthy.guru,available,2.98,54.98,high,low,6,namecheap,,,14/08/2026 17:31
a8fd6a31-1831-4a04-b134-417b4a517f56,inquiries.guru,available,2.27,34.36,medium,low,9,spaceship,,,30/09/2026 06:48
5feb4a13-30dd-48bd-b4cf-bb86005e985e,outfits.guru,available,33.2,33.2,medium,low,7,cloudflare,,,28/09/2026 23:41
f35baf4c-3b3f-495f-a758-1897eef043d6,foi.guru,available,33.2,33.2,medium,low,3,cloudflare,,,02/10/2026 21:02
299916f8-341e-4ac1-a46c-15388e3e4367,humdrum.guru,available,2.98,54.98,medium,low,7,namecheap,,,21/08/2026 15:05
5d79ab70-7792-4655-b2d9-98b5f890323a,quint.guru,available,2.98,54.98,medium,low,5,namecheap,,,
f5c8bd49-fedc-4351-a40c-84543d0fc8e4,bleed.guru,available,33.2,33.2,medium,low,5,cloudflare,,,28/09/2026 14:26
ffbdf2e8-377e-410c-8969-281851cc4d1d,radioed.guru,available,2.98,54.98,medium,low,7,namecheap,,,20/09/2026 15:44
e5df88b5-6854-4dda-8107-13294052a613,bram.guru,available,2.27,34.36,medium,low,4,spaceship,,,30/09/2026 21:24
e5163026-86f5-4d53-9843-b4c9c9f4b447,braky.guru,available,2.98,54.98,low,low,5,namecheap,,,11/08/2026 01:57
f431f702-021a-4569-b0ea-8b6a60f21057,mould.guru,available,4.49,42.99,medium,low,5,namesilo,,,24/09/2026 15:22
04d2d5e1-e799-4ae3-a723-3f85359bb1c4,particularly.guru,available,4.49,42.99,medium,low,12,namesilo,,,27/09/2026 08:28
4a2fb2a0-b23c-4456-949b-66ca14cd95a2,unowned.guru,available,2.98,54.98,medium,low,7,namecheap,,,04/09/2026 22:16
83b90962-0d2f-4c43-9abe-9ef26bda501e,atonal.guru,available,2.98,54.98,medium,low,6,namecheap,,,07/08/2026 13:46
4f5fd059-51e7-4fc0-8e30-3091bc5cff91,aerialist.guru,available,2.98,54.98,medium,low,9,namecheap,,,17/09/2026 12:50
17e18233-0029-4cf8-971a-4bb82995d8da,laborious.guru,available,2.98,54.98,medium,low,9,namecheap,,,06/08/2026 17:00
041a5737-f651-44dd-ab52-4647614b5c44,signed.guru,available,2.98,54.98,high,low,6,namecheap,,,18/08/2026 22:58
b6cf7211-bfae-47a9-929d-f8c40d3ef6b3,wounded.guru,available,4.49,42.99,medium,low,7,namesilo,,,25/09/2026 06:51
4fef5505-747f-4c33-9dca-6e76b718a10c,bearings.guru,available,4.49,42.99,medium,low,8,namesilo,,,20/09/2026 03:51
1836cf37-1a44-4e22-b5a2-5e88078d1a97,marys.guru,premium,102.67,102.67,high,low,5,spaceship,,,02/10/2026 22:52
7040dc45-5676-4d95-92a3-5a82fff228be,hazy.guru,available,2.98,54.98,medium,low,4,namecheap,,,10/08/2026 16:22
74ea0443-98d6-4e55-9924-37169f34a8ce,curie.guru,available,2.98,54.98,high,low,5,namecheap,,,12/08/2026 08:00
c6b07497-82f0-46a9-87c0-a17cecc7a298,plowed.guru,available,2.98,54.98,medium,low,6,namecheap,,,08/09/2026 21:24
cdf4398f-2bcd-42bc-b1ab-730a250ef615,unlaced.guru,available,2.98,54.98,medium,low,7,namecheap,,,12/09/2026 14:37
e9e7618a-ebbe-482a-b1e1-e4b7717adc6a,oneself.guru,available,33.2,33.2,high,low,7,cloudflare,,,02/10/2026 20:15
8a8c275a-7222-42e8-882d-9d3357b5f575,emt.guru,available,2.27,34.36,high,low,3,spaceship,,,02/10/2026 17:52
f0131602-3e8b-4f59-9911-7a8bd827e89c,clx.guru,available,2.98,54.98,medium,low,3,namecheap,,,
1ddcef6c-0e37-4ee3-9344-41d59a2a27b7,noncurrent.guru,available,2.98,54.98,medium,low,10,namecheap,,,03/09/2026 19:01
cfb3561f-ed50-4b7b-826e-85ce004c44cc,allegations.guru,available,4.49,42.99,medium,low,11,namesilo,,,29/09/2026 11:36
b9fc1f7c-3e4b-4891-a65f-7b90cde3f6d0,prohibition.guru,available,2.5,35.26,medium,low,11,dynadot,,,29/09/2026 15:19
8a8052ff-20c8-44af-b809-1a665a27542a,ailing.guru,available,2.98,54.98,high,low,6,namecheap,,,
ba35b918-4700-4402-8584-b2342707203c,zhou.guru,available,4.49,42.99,high,low,4,namesilo,,,25/09/2026 22:14
89a6c83b-ca8c-4de2-991c-c5f440bbd68d,populations.guru,available,2.98,54.98,medium,low,11,namecheap,,,18/09/2026 17:58
fe75e258-e4b8-40ce-9c0b-70744bd027ee,scenes.guru,available,4.49,42.99,medium,low,6,namesilo,,,18/09/2026 15:27
fb7ec069-a6e6-4862-abce-00b7bba7797b,orally.guru,available,2.98,54.98,medium,low,6,namecheap,,,15/09/2026 18:11
28bc9e15-516e-4c69-8f3c-817ec4efd09f,charmed.guru,available,2.98,54.98,high,low,7,namecheap,,,09/08/2026 09:57
f3768480-07c1-48ff-9aea-3142897d1b53,excessive.guru,available,2.98,54.98,medium,low,9,namecheap,,,17/08/2026 16:15
0ed1ca94-4828-4af4-900a-a8ad640d47a4,decorated.guru,available,2.98,54.98,high,low,9,namecheap,,,21/09/2026 19:45
64b3b933-5f32-4378-b527-7396df1e090f,reserved.guru,available,2.98,54.98,high,low,8,namecheap,,,09/09/2026 14:50
abab4b2a-e762-4e66-a7e0-fb04dfb22f34,confine.guru,available,2.27,34.36,medium,low,7,spaceship,,,02/10/2026 15:57
3907d05e-c57f-4e18-8b00-500ccf66ad13,grumbler.guru,available,4.49,42.99,medium,low,8,namesilo,,,23/09/2026 06:49
4fd3bdf1-d7ce-418e-85ba-f0eecc63c84a,teaching.guru,resell,,,high,low,8,"Sav.com, LLC - 14",18/05/2026 15:15,18/05/2027 15:15,01/10/2026 22:16
0de58c23-ed6c-4e40-acb6-0391685429ef,ideologic.guru,available,2.98,54.98,medium,low,9,namecheap,,,21/08/2026 18:04
2417c377-8750-424e-918f-903dcece77ad,johnstown.guru,available,4.49,42.99,medium,low,9,namesilo,,,28/09/2026 22:27
8595e0d5-4d36-4132-b55b-b043e14d5d12,charitably.guru,available,2.98,54.98,medium,low,10,namecheap,,,14/09/2026 06:19
2c2025c6-6ea9-40f5-94b9-c9ac89343cea,plan.guru,resell,,,high,medium,4,"Sav.com, LLC - 43",07/09/2024 17:00,07/09/2027 17:00,03/10/2026 02:31
b46a01f6-4ef4-44b3-b472-6b216277e1ef,toxicology.guru,available,4.5,,high,low,10,unstoppable,,,01/10/2026 21:59
52fdb429-320c-41ad-b9f6-325647e0e32f,alonso.guru,available,2.98,54.98,high,low,6,namecheap,,,18/09/2026 07:29
e72b335b-5c7d-4816-b29f-2002f1572d42,cantabile.guru,available,2.98,54.98,medium,low,9,namecheap,,,11/08/2026 17:38
43534cfa-c979-4650-85a6-200680cac795,trott.guru,available,4.49,42.99,medium,low,5,namesilo,,,03/10/2026 05:38
aacc7e88-479b-4623-aebe-032949dab59c,folds.guru,available,4.5,,medium,low,5,unstoppable,,,30/09/2026 14:49
41e07923-50e3-4125-b73e-5564c505f782,climactic.guru,available,2.98,54.98,medium,low,9,namecheap,,,12/08/2026 10:55
441acfdc-883a-4505-b062-9b16c0441ad7,mutter.guru,available,2.98,54.98,high,low,6,namecheap,,,03/09/2026 11:12
d95aa846-2d33-4da6-85e5-5707cc41fbee,monoatomic.guru,available,2.98,54.98,medium,low,10,namecheap,,,25/08/2026 04:18
54e3af5f-2099-414b-b05c-5ae65af3fcb5,slippy.guru,available,2.98,54.98,medium,low,6,namecheap,,,10/09/2026 11:03
578b325c-6057-45e4-b072-82c77af1a5ac,pitches.guru,available,33.2,33.2,medium,low,7,cloudflare,,,30/09/2026 14:41
ee94654f-b530-43cd-8331-3558d876f970,flexuous.guru,available,2.98,54.98,medium,low,8,namecheap,,,18/08/2026 08:08
ee58dd46-b55e-4332-a56d-335055086e89,highness.guru,available,4.49,42.99,high,low,8,namesilo,,,28/09/2026 14:27
ff57c569-495d-4fab-8e4e-217aa81c9365,pneumatic.guru,available,2.98,54.98,high,low,9,namecheap,,,08/09/2026 22:06
49061cf8-69da-4b81-ae29-68fb6006895a,designation.guru,available,2.5,35.26,high,low,11,dynadot,,,02/10/2026 11:41
8bca6d47-5c05-4be0-aedd-e492afc882e1,carlo.guru,available,4.49,42.99,medium,low,5,namesilo,,,28/09/2026 08:41
391d7972-90f9-40ae-a025-3e0dd8d8b0b9,lundy.guru,available,2.27,34.36,medium,low,5,spaceship,,,01/10/2026 11:45
82049f6a-4ebf-4820-81f5-05bef2a1d07d,berth.guru,available,4.49,42.99,high,low,5,namesilo,,,23/09/2026 10:13
594abc1a-b4f0-4686-a5dd-4f487089fcd3,grate.guru,available,2.98,54.98,high,low,5,namecheap,,,20/08/2026 18:33
57b76bc3-0562-47c1-809b-9ff912716729,quiver.guru,available,2.98,54.98,high,low,6,namecheap,,,11/09/2026 19:13
1416b73b-9e49-4f77-8eac-54361d2c0461,rawlins.guru,available,4.49,42.99,medium,low,7,namesilo,,,01/10/2026 12:10
4121dfb5-4f65-44c0-96a5-59ad4999bfe0,winthrop.guru,available,4.49,42.99,high,low,8,namesilo,,,27/09/2026 19:50
1d3fff47-bc17-4f5c-a4b2-d302e72203f1,castor.guru,available,4.49,42.99,medium,low,6,namesilo,,,18/09/2026 13:36
157c3db8-b8a0-4e5f-b4d4-10f7c12d2871,hypnagogic.guru,available,2.98,54.98,medium,low,10,namecheap,,,21/08/2026 17:03
6ba96434-db4b-4bf9-b03d-d68fa01582b1,holotype.guru,available,4.49,42.99,high,low,8,namesilo,,,25/09/2026 23:08
feabd1e1-d250-49d5-be61-094da5477715,seedcase.guru,available,2.98,54.98,medium,low,8,namecheap,,,12/08/2026 15:07
0b32a786-f314-4184-8440-d9b4774400b3,babbler.guru,available,4.49,42.99,high,low,7,namesilo,,,21/09/2026 12:25
330bc337-2928-417b-8b9c-2f2ebbd199bf,verifiable.guru,available,2.98,54.98,high,low,10,namecheap,,,12/08/2026 20:51
e70426e7-c56f-49da-9010-a1b70401f981,balbriggan.guru,available,2.98,54.98,medium,low,10,namecheap,,,21/09/2026 21:25
3d37a7d7-457e-4a78-afce-170255aaa68f,diderot.guru,available,4.49,42.99,high,low,7,namesilo,,,01/10/2026 01:42
e00fb761-056c-43aa-a9ca-342f2d9cdc19,vaccination.guru,available,4.5,,high,low,11,unstoppable,,,02/10/2026 22:55
23cbb385-911e-4e9a-baca-bd0d11171a38,twilit.guru,available,2.98,54.98,medium,low,6,namecheap,,,14/08/2026 21:33
366c1715-a183-4d7f-887f-5f72245050fa,suva.guru,available,4.5,,medium,low,4,unstoppable,,,02/10/2026 06:31
3184f640-31ff-4779-a9f5-42f738a07348,charcoal.guru,available,2.98,54.98,high,low,8,namecheap,,,12/08/2026 02:24
8f2a7a74-1cb9-4d2b-bb8d-92171370caae,torrential.guru,available,2.98,54.98,medium,low,10,namecheap,,,11/09/2026 17:57
48253601-d05e-4d36-ba74-dddcdeeb8e40,auditions.guru,available,4.49,42.99,medium,low,9,namesilo,,,30/09/2026 16:27
98ffa164-478c-457b-bdbb-7b9f9b8f4227,roarer.guru,available,2.98,54.98,medium,low,6,namecheap,,,22/09/2026 16:57
97b9ae95-bd43-44a2-a2e3-d1eb323a1466,abject.guru,available,2.98,54.98,medium,low,6,namecheap,,,
082ff052-2892-4aa2-90d8-c431a3c54866,hypo.guru,available,2.98,54.98,high,low,4,namecheap,,,21/08/2026 17:15
47edd413-553e-43a1-89eb-0287f66c723b,millennium.guru,available,2.98,54.98,high,low,10,namecheap,,,24/08/2026 23:15
d9ea85f0-3b8e-4fe1-bb20-ecf72646b7af,proscribed.guru,available,2.98,54.98,medium,low,10,namecheap,,,18/08/2026 11:01
590ce3d2-6657-43c1-9f55-730ec780c03e,teasing.guru,available,3.99,54.99,high,low,7,name.com,,,22/09/2026 05:24
81a4f05a-f172-43f8-87b8-338455135566,purity.guru,available,4.49,42.99,high,low,6,namesilo,,,28/09/2026 15:09
55e1ac86-bf52-41eb-b22f-3d574d77a0f3,sensations.guru,available,4.49,42.99,medium,low,10,namesilo,,,02/10/2026 22:32
2092a0a6-6a57-45f2-b8c6-6f82105a9b0b,jew.guru,premium,118.8,118.8,high,low,3,namesilo,,,25/09/2026 23:17
1a4827e1-1dfe-41fd-b03b-8a2b3d33dca5,tournaments.guru,available,2.57,34.5,medium,low,11,porkbun,,,02/10/2026 01:42
aba40006-00a4-4154-84fc-c027eaf5fa30,hostile.guru,available,4.49,42.99,medium,low,7,namesilo,,,25/09/2026 00:05
fc143278-7929-4871-b772-723bff32dda1,aside.guru,available,4.5,34.36,high,low,5,unstoppable,,,28/09/2026 12:23
6e80a140-e4c6-4bb2-883b-ea8b1d5aeaaf,frenzied.guru,available,2.98,54.98,medium,low,8,namecheap,,,18/08/2026 14:21
832344b7-d877-4ae7-80a7-041ce6449a8b,alleviate.guru,available,4.49,42.99,high,low,9,namesilo,,,01/10/2026 22:08
c7341018-d68b-426d-a752-c589b0b6e566,screwing.guru,available,2.98,54.98,medium,low,8,namecheap,,,18/08/2026 17:28
68ffa6da-4797-4b09-905c-5e858287c38d,lattices.guru,available,4.5,,medium,low,8,unstoppable,,,30/09/2026 07:03
c958d036-5760-465d-85db-bb99bb2daf7e,plucky.guru,available,2.98,54.98,high,low,6,namecheap,,,18/08/2026 00:47
eb5e74f5-d719-4820-85ba-baa2c4075f57,occurring.guru,available,4.49,42.99,high,low,9,namesilo,,,01/10/2026 19:44
2aab326f-2aa0-43f6-978d-90e4972d9a1b,barefaced.guru,available,2.98,54.98,medium,low,9,namecheap,,,08/08/2026 09:20
4e8a5865-bb47-4862-a044-bb74f75bf111,congratulate.guru,available,33.2,33.2,high,low,12,cloudflare,,,29/09/2026 03:02
167fd92c-269c-41a5-9b34-8295b731fa56,twilight.guru,available,2.98,54.98,high,low,8,namecheap,,,11/09/2026 21:38
06e9b6db-ed56-4e6c-bec6-7c5d071c1956,hypothetic.guru,available,2.98,54.98,medium,low,10,namecheap,,,12/08/2026 22:01
41bb2996-9f8d-4124-a9e1-44a9ea5c5def,jade.guru,resell,,,high,low,4,Dynadot Inc,21/09/2026 17:00,21/09/2027 17:00,26/09/2026 06:58
8505d7a7-b137-4e5b-bb01-1f44545c1a00,neckless.guru,available,2.98,54.98,medium,low,8,namecheap,,,03/09/2026 14:41
1bab3c43-29f0-4748-9617-c98a1a9dc569,naacp.guru,available,4.49,42.99,medium,low,5,namesilo,,,25/09/2026 13:20
6f8a5fea-ced3-4a50-9fca-df7c2c9d5df3,ferrell.guru,available,2.27,34.36,medium,low,7,spaceship,,,30/09/2026 13:47
b4c5ab7b-7e1d-45d6-a39c-5f977d7300d2,tramway.guru,available,4.49,42.99,medium,low,7,namesilo,,,17/09/2026 12:48
b8239b7e-a8e1-4bd4-8cb4-23d7e9cd038b,laminar.guru,available,2.98,54.98,high,low,7,namecheap,,,22/08/2026 19:07
f648c61a-f70e-4678-be2f-6f9aeef2b2dc,pies.guru,available,2.27,34.36,medium,low,4,spaceship,,,02/10/2026 14:35
eaa35ae1-6839-428b-94b1-9c554df6bc30,flee.guru,available,2.27,34.36,high,low,4,spaceship,,,30/09/2026 19:54
a9960eb5-0de9-4ab4-a959-667817c27f8c,hannibal.guru,available,2.98,54.98,high,low,8,namecheap,,,27/09/2026 04:24
559bb026-659d-4a64-ac78-ba74b27e947d,prostatic.guru,available,2.98,54.98,medium,low,9,namecheap,,,09/09/2026 03:53
1b94f178-7f78-4d65-8b50-5b0bb05edb31,backwards.guru,available,4.49,42.99,high,low,9,namesilo,,,22/09/2026 15:55
c47d604e-181d-4e13-adff-8e69c4e7ad5f,gloam.guru,available,2.98,54.98,medium,low,5,namecheap,,,11/09/2026 21:43
2ea526af-0ee8-4866-b0a3-12af0a42f6d4,glimmer.guru,resell,,,high,low,7,"GoDaddy.com, LLC",18/01/2026 12:54,18/01/2027 12:54,26/09/2026 06:24
6740b683-5db5-46c3-a660-dddbb2c7de97,access.guru,resell,,,high,medium,6,Dynadot Inc,09/05/2026 17:00,09/05/2027 17:00,26/09/2026 01:19
e24ca12d-50df-4010-9667-82b710b56da0,gravesend.guru,available,33.2,33.2,medium,low,9,cloudflare,,,30/09/2026 21:51
870d17e1-b156-4e8a-82ae-4102c2556dad,srpska.guru,available,4.49,42.99,medium,low,6,namesilo,,,02/10/2026 10:14
9408455f-6fde-4254-bb86-0a585fc649f0,pocahontas.guru,available,2.27,34.36,high,low,10,spaceship,,,29/09/2026 07:34
01a954ba-2096-4f5a-b64f-e233dcc290d1,extravert.guru,available,2.98,54.98,high,low,9,namecheap,,,17/08/2026 19:28
01715d68-0c58-417d-b1d9-1fc97ce9d810,raiding.guru,available,2.98,54.98,medium,low,7,namecheap,,,24/08/2026 15:45
93e81d2b-fc68-48a7-8e0c-5bf35b028dc5,amaranthus.guru,available,4.49,42.99,medium,low,10,namesilo,,,18/09/2026 15:51
81c16837-75a5-4b58-b82d-d792cf99132d,annona.guru,available,2.98,54.98,medium,low,6,namecheap,,,19/09/2026 10:30
f716201e-eb92-4d3b-b253-57c29ecb683b,leaf.guru,resell,,,high,low,4,Dynadot Inc,25/08/2026 17:00,25/08/2027 17:00,29/09/2026 19:38
71b5a7ca-93f4-4da1-98fc-db9cf60ce0f7,virginity.guru,available,2.27,34.36,high,low,9,spaceship,,,29/09/2026 20:35
2b61db52-5968-4b2f-9ee2-a1e2c62e65ce,uphold.guru,available,33.2,33.2,high,low,6,cloudflare,,,28/09/2026 20:14
a85fcf73-a1b3-4c4e-a3cf-47ff329d43d0,eid.guru,available,33.2,33.2,high,low,3,cloudflare,,,01/10/2026 02:59
93244e24-10fc-49bc-99b7-68411da7aba6,weak.guru,available,4.49,42.99,high,low,4,namesilo,,,24/09/2026 04:57
d3b20854-1781-4427-89a8-1d9d436bcef5,poker.guru,resell,,,high,medium,5,Epik LLC,04/02/2014 08:54,04/02/2027 08:54,29/09/2026 19:21
2ccbe228-f1bb-4e1e-9eac-18cde4a8270b,steed.guru,available,2.5,35.26,medium,low,5,dynadot,,,01/10/2026 21:53
420539b1-b727-4a93-8b3f-fddc26a3d133,smetana.guru,available,4.49,42.99,medium,low,7,namesilo,,,22/09/2026 23:32
c489cd1d-2e7e-4b86-b364-74c514e5f831,landings.guru,available,2.98,54.98,medium,low,8,namecheap,,,30/09/2026 00:42
91594f0d-7e97-48ab-814a-6a9ef4a12176,murdering.guru,available,2.98,54.98,medium,low,9,namecheap,,,28/09/2026 17:20
aa90ec9d-5ed2-45c1-93de-db7422d0008e,bleep.guru,available,4.49,42.99,high,low,5,namesilo,,,23/09/2026 01:26
36ba7b3a-f14a-4900-b725-9ec86784ec60,warheads.guru,available,4.5,,low,low,8,unstoppable,,,02/10/2026 04:03
eddba721-2edd-47bb-b23b-17f9e586893e,lighten.guru,available,4.49,42.99,high,low,7,namesilo,,,30/09/2026 16:34
2449eee7-868b-4b58-9cd3-7d93bf55cc21,varying.guru,available,2.98,54.98,high,low,7,namecheap,,,13/09/2026 01:31
10fea9eb-8357-4112-bf98-2e89f447c96d,avalon.guru,resell,,,high,medium,6,,,,30/09/2026 05:08
0f457cad-2926-47bf-bf76-85a2b0ab5bde,variations.guru,available,2.98,54.98,medium,low,10,namecheap,,,18/09/2026 20:13
70499ed7-67d5-49fa-bbd9-fb683a7e9c7a,bowhead.guru,available,2.98,54.98,medium,low,7,namecheap,,,21/09/2026 20:32
8cdee12d-449b-4f7e-be69-1d1608628a7f,amber.guru,resell,,,high,low,5,Dynadot Inc,28/08/2026 17:00,28/08/2027 17:00,26/09/2026 03:50
8271cb7a-4e3d-433c-afb8-883d2fddf18b,entourage.guru,available,2.27,34.36,high,low,9,spaceship,,,01/10/2026 19:29
e0817d13-4965-48df-a4f8-7d68f0c2dfc8,rural.guru,available,2.98,54.98,high,low,5,namecheap,,,08/09/2026 07:52
df775312-8b2e-479b-a8ac-5d97b42273b7,pollen.guru,available,4.5,,high,low,6,unstoppable,,,30/09/2026 07:06
103d155f-6224-47f8-aa71-24848822b2dd,ephemeron.guru,available,2.98,54.98,medium,low,9,namecheap,,,17/08/2026 10:22
92a5ea69-fc6a-4358-9cd6-7b755bda3dce,persona.guru,resell,,,high,medium,7,,,,29/09/2026 19:57
055f5638-d9e0-43b3-9a00-207b155f5c66,nitro.guru,resell,,,high,low,5,,,,02/10/2026 10:03
afb38c5b-85f7-4ee8-b83d-908a28c8d25e,hamas.guru,available,2.5,35.26,medium,low,5,dynadot,,,28/09/2026 09:59
964827cd-b6d2-495a-a386-f9746cac1f17,symons.guru,available,2.98,54.98,medium,low,6,namecheap,,,20/09/2026 11:07
42991a9d-4782-489b-abc8-89ccdcfbf9d9,overloaded.guru,available,2.98,54.98,medium,low,10,namecheap,,,04/09/2026 20:54
6575c9b8-3af0-4626-a615-a9cabdc3ca63,tutoring.guru,available,4.49,42.99,high,low,8,namesilo,,,29/09/2026 16:08
cd2d65fa-6b9e-4d65-83a1-e983c775aec4,aerodynamic.guru,available,4.49,42.99,high,low,11,namesilo,,,02/10/2026 07:09
3f060377-693d-4032-862f-a12b3ee348bc,manned.guru,available,2.98,54.98,high,low,6,namecheap,,,24/08/2026 15:16
2ce362ff-3e21-4003-82ff-bfc4f39c3848,postpone.guru,available,2.98,54.98,high,low,8,namecheap,,,29/09/2026 08:12
5523c542-e571-447b-a000-a447bd0461d5,budapest.guru,available,2.57,34.5,high,low,8,porkbun,,,29/09/2026 11:48
2b8ec66d-d9d8-4496-8cf2-05e8f1d277f6,inexperienced.guru,available,4.49,42.99,medium,low,13,namesilo,,,30/09/2026 11:41
7073f9f2-df73-4cfc-ad9e-dea5d75a0703,accomplice.guru,available,4.49,42.99,high,low,10,namesilo,,,16/09/2026 22:50
0436cd6b-8b7d-473a-b533-d61658bc9c68,lxxxv.guru,available,2.98,54.98,medium,low,5,namecheap,,,
7651e03b-b1ec-4307-b825-c9fa8c1afe57,cassini.guru,available,2.27,34.36,high,low,7,spaceship,,,02/10/2026 20:31
bbf23aba-44ed-4665-975a-5d85fe3c70e2,digitizer.guru,available,4.49,42.99,high,low,9,namesilo,,,19/09/2026 01:49
fb5af656-cfbf-4cd0-b952-630f0e4357c6,blot.guru,available,4.49,42.99,high,low,4,namesilo,,,02/10/2026 23:36
bafd581b-6e6a-46f0-b534-e79701edbcee,yalta.guru,available,2.27,34.36,medium,low,5,spaceship,,,30/09/2026 19:08
d5ec3ea5-150a-4eb2-b87f-6ce92c2db7d6,lia.guru,available,4.5,,high,low,3,unstoppable,,,30/09/2026 20:33
49d225c6-441f-4e26-83f2-7c0413359760,orne.guru,available,2.27,34.36,medium,low,4,spaceship,,,02/10/2026 11:39
a5e2881d-47c5-4e81-96cd-d713445f7c45,limits.guru,available,4.49,42.99,medium,low,6,namesilo,,,18/09/2026 15:06
aa3e1823-fe35-414b-b601-db5e0cce1bc2,unthankful.guru,available,2.98,54.98,medium,low,10,namecheap,,,11/09/2026 12:29
72a641f5-7efd-44a8-8ef6-90de2f809a5e,iris.guru,resell,,,high,medium,4,,,,28/09/2026 01:54
06f209ef-1b69-4d50-8d43-f88a079c9a2d,methuen.guru,available,4.49,42.99,medium,low,7,namesilo,,,30/09/2026 14:06
b8c5f1ba-410c-4df3-9298-2bda86e3d97d,genially.guru,available,2.98,54.98,medium,low,8,namecheap,,,13/09/2026 17:52
8f99e130-80e8-4be2-92a4-d30a76a89c14,acinonyx.guru,available,4.49,42.99,medium,low,8,namesilo,,,17/09/2026 01:31
3909c930-2056-4ae3-a2f9-9a267a36561c,jeremiah.guru,resell,,,high,low,8,"GoDaddy.com, LLC",06/02/2014 23:58,06/02/2027 23:58,26/09/2026 06:59
c02c9e29-e86f-4692-9e9a-40b155745a59,madeleine.guru,available,4.5,,high,low,9,unstoppable,,,29/09/2026 14:18
982ee8ff-0d24-41b5-aa04-3393e385ff3a,osama.guru,available,4.5,,medium,low,5,unstoppable,,,29/09/2026 22:16
a6882eaa-e5f9-426c-93f7-895fa1191b98,differences.guru,available,4.49,42.99,medium,low,11,namesilo,,,17/09/2026 14:00
d277ec43-1f14-45a3-a0b5-dc4cee53fd6c,boots.guru,resell,,,high,low,5,"Sav.com, LLC - 49",10/12/2025 15:16,10/12/2026 15:16,01/10/2026 02:10
1832b06b-5dca-42c9-9cf5-5deb28ce980b,roberta.guru,available,2.98,54.98,high,low,7,namecheap,,,28/09/2026 03:52
fff95fd0-566a-4219-b969-8126810135d8,pembroke.guru,available,2.5,35.26,medium,low,8,dynadot,,,02/10/2026 16:22
21fb5a47-1cd2-42ae-8409-931b0dd42e24,item.guru,available,4.5,,high,low,4,unstoppable,,,28/09/2026 09:23
3191a9b7-e6e3-4955-9911-6d2f5839c0b1,emissions.guru,available,4.49,42.99,medium,low,9,namesilo,,,01/10/2026 14:49
f34b5a7c-a5d2-48c4-88b4-2714457cb727,trillionaire.guru,available,2.27,34.36,high,low,12,spaceship,,,01/10/2026 22:35
81bc2f15-cac0-448d-969b-c2f7f1e5fc01,buchanan.guru,available,33.2,33.2,high,low,8,cloudflare,,,28/09/2026 01:11
a9b4a3cc-bec5-46ff-b858-cd0c06aee2d5,poking.guru,available,4.49,42.99,high,low,6,namesilo,,,30/09/2026 10:17
95753508-f8ee-4744-a77d-fcacbf65ec09,overdrive.guru,available,4.49,42.99,high,low,9,namesilo,,,03/10/2026 01:44
fc2c9b02-0f25-4ddb-8d4c-f0858f514461,desecrated.guru,available,2.98,54.98,medium,low,10,namecheap,,,14/08/2026 03:18
b83d1ca8-df0b-4b08-b644-462efded3c8b,moderately.guru,available,4.49,42.99,medium,low,10,namesilo,,,25/09/2026 12:00
8301da0a-5e8d-4e13-a7d2-567c66d28118,thalassic.guru,available,2.98,54.98,medium,low,9,namecheap,,,11/09/2026 12:22
e6b62a23-9dca-413f-9d22-8d81e3a28f6d,treasured.guru,available,2.98,54.98,high,low,9,namecheap,,,12/08/2026 04:21
6ee5b3a8-30d6-4e25-935a-8e0bf1cf7c68,jsc.guru,available,33.2,33.2,high,low,3,cloudflare,,,02/10/2026 07:48
23cdc9ac-694c-4c94-ae67-26e36b978180,resourceful.guru,available,2.98,54.98,high,low,11,namecheap,,,01/10/2026 22:40
a63ffbc0-ce9f-4797-a8ad-625f49b5ffe3,connects.guru,available,4.49,42.99,medium,low,8,namesilo,,,29/09/2026 11:28
8a063261-e754-4388-ac6c-06a0a9701bb1,petallike.guru,available,2.98,54.98,medium,low,9,namecheap,,,08/09/2026 18:13
e4985123-f53d-4797-bfdc-0df36bf8c204,nonaligned.guru,available,2.98,54.98,medium,low,10,namecheap,,,03/09/2026 18:44
1663a642-aef6-4afe-9c59-5c50d616c6eb,algolagnia.guru,available,4.49,42.99,medium,low,10,namesilo,,,18/09/2026 07:07
a505e7a1-4246-4305-80e9-56f57e64e0cb,wellesley.guru,available,2.98,54.98,medium,low,9,namecheap,,,27/09/2026 08:52
fe398be9-751a-4765-88e5-2d2050664f9b,lid.guru,premium,242,242,high,low,3,namesilo,,,24/09/2026 13:43
c08809ac-9192-472f-a9c9-b1d11c16f6f8,florio.guru,available,2.27,34.36,high,low,6,spaceship,,,01/10/2026 19:36
c7129976-c87e-4f4d-ba01-7af65abb2155,torquay.guru,available,4.5,,medium,low,7,unstoppable,,,30/09/2026 21:29
d8a828af-e5c1-4f9c-a612-27cdec65fbae,rein.guru,available,2.27,34.36,high,low,4,spaceship,,,30/09/2026 09:27
fe2b8d15-e656-4a13-a97f-58b2537dff5f,howard.guru,premium,118.8,118.8,high,low,6,namesilo,,,25/09/2026 04:08
90404125-2e71-4587-99c4-5889b2edacfd,nanoscale.guru,available,4.49,42.99,medium,low,9,namesilo,,,03/10/2026 03:13
268954c7-f7af-4c8e-bab5-81978ced87ef,respective.guru,available,4.49,42.99,medium,low,10,namesilo,,,30/09/2026 14:27
fc7ddc61-2bc5-4618-b694-66f506815c5c,tenderness.guru,available,4.49,42.99,high,low,10,namesilo,,,17/09/2026 14:18
4dd3b9f6-5d35-49a1-b6f1-6528159eb99c,melodious.guru,available,2.98,54.98,high,low,9,namecheap,,,24/08/2026 19:38
4163be5d-d829-4c3a-af10-f14f9e99166e,brushing.guru,available,2.27,34.36,medium,low,8,spaceship,,,29/09/2026 04:50
dcdad0e4-04fb-4c39-b2f1-9893288c1686,hesiod.guru,available,2.27,34.36,medium,low,6,spaceship,,,02/10/2026 15:41
f047080d-4f80-4698-b530-a6062c22a3e9,baryon.guru,available,2.98,54.98,medium,low,6,namecheap,,,22/09/2026 09:41
9738e6e1-93f0-43ba-bf64-19b230ab446f,cooperate.guru,available,2.27,34.36,high,low,9,spaceship,,,28/09/2026 17:32
ed515845-48f4-45ef-b861-180352a5f6ca,frunze.guru,available,2.98,54.98,medium,low,6,namecheap,,,23/09/2026 21:44
5f831cb0-9442-4751-aeb2-fb5d4c020c74,unequalled.guru,available,2.98,54.98,high,low,10,namecheap,,,12/09/2026 09:11
fe8d234a-1fa9-4a55-b26d-a441d68df5fc,buckets.guru,available,4.49,42.99,medium,low,7,namesilo,,,30/09/2026 15:47
a19e430a-c7cc-47ab-a364-69f33a07b19e,clovers.guru,available,4.49,42.99,medium,low,7,namesilo,,,21/09/2026 06:52
97b5b7ce-feec-44b3-ad33-292cf6e3fe7e,probative.guru,available,2.98,54.98,medium,low,9,namecheap,,,09/09/2026 02:27
fdc8f75b-e609-4e6f-af1a-e746110ac251,backbend.guru,available,4.49,42.99,medium,low,8,namesilo,,,21/09/2026 15:01
89704a4b-39f4-4888-9247-0e5f30b77b75,leadville.guru,available,4.5,,medium,low,9,unstoppable,,,02/10/2026 21:00
62371b1f-3d29-4187-af2c-24a1817df048,asn.guru,available,4.49,42.99,high,low,3,namesilo,,,03/10/2026 04:25
61c440f1-a396-40fa-b29a-19c5975df366,steaks.guru,available,2.5,35.26,medium,low,6,dynadot,,,02/10/2026 03:26
d6d72beb-58f0-4e8a-ad79-3bb6e57a9ad8,saltwater.guru,available,33.2,33.2,high,low,9,cloudflare,,,02/10/2026 04:11
7b298ce6-adab-4c1a-a4f6-8039c6e3960a,nun.guru,available,2.27,34.36,high,low,3,spaceship,,,29/09/2026 11:00
46f6480b-0396-44d8-852a-db9350b80d4e,harden.guru,available,2.27,34.36,medium,low,6,spaceship,,,02/10/2026 06:44
a058f7ad-0ce2-41ab-8174-931f160ffc50,steinbeck.guru,available,4.49,42.99,medium,low,9,namesilo,,,01/10/2026 02:45
f018c2a9-6da5-427f-8eef-e5beef174066,partake.guru,available,2.27,34.36,high,low,7,spaceship,,,30/09/2026 11:28
7b0ed92d-2735-4cb1-9ca6-8c5b535044a6,televised.guru,available,4.49,42.99,high,low,9,namesilo,,,21/09/2026 05:39
1693fcd5-3851-4954-b228-c5139eb968af,rear.guru,available,2.98,54.98,high,low,4,namecheap,,,22/09/2026 19:06
4b9ce3b0-e08a-4bdf-88fe-2a5ec02d0792,debile.guru,available,3.99,54.99,medium,low,6,name.com,,,13/08/2026 20:28
4a7e1223-a170-4467-bee2-aa3c4ea56926,anomie.guru,available,4.49,42.99,medium,low,6,namesilo,,,19/09/2026 11:29
caac0d48-5961-4c2f-ae62-7847395aa2e3,colorfast.guru,available,2.98,54.98,medium,low,9,namecheap,,,12/08/2026 17:50
50696774-08e4-45d3-8297-83f797476f59,jim.guru,premium,242,242,high,low,3,namesilo,,,
d922330d-189f-4553-a75c-828f01baeedc,confidential.guru,available,4.49,42.99,high,low,12,namesilo,,,27/09/2026 17:23
47677512-56f7-4769-b244-dbea9aec36fe,redmond.guru,available,2.27,34.36,medium,low,7,spaceship,,,28/09/2026 11:41
2c7de7e0-1405-402d-905b-851e9bb02e7d,environments.guru,available,4.49,42.99,medium,low,12,namesilo,,,01/10/2026 16:16
cf2c70e8-3843-460b-bbda-b0ad75f16471,algerie.guru,available,4.49,42.99,high,low,7,namesilo,,,18/09/2026 06:58
3aa5ce94-a98d-4675-976c-b5757c0506b7,textbooks.guru,available,2.27,34.36,high,low,9,spaceship,,,30/09/2026 16:14
ec5f6df6-b27c-4259-b19d-c4958805620e,otago.guru,available,4.49,42.99,high,low,5,namesilo,,,29/09/2026 22:17
40dd14ff-37d7-4350-a019-a24d96758c44,starchy.guru,available,2.98,54.98,medium,low,7,namecheap,,,11/08/2026 07:29
c4b75daf-f27a-4c9a-9fde-2104b639b009,unions.guru,available,4.49,42.99,medium,low,6,namesilo,,,30/09/2026 00:35
94f57e23-fd86-4db0-a958-f1c959744bd2,normality.guru,available,2.27,34.36,high,low,9,spaceship,,,30/09/2026 05:51
da8a716e-0a29-44d7-91fc-aca49f53b787,surf.guru,resell,,,high,low,4,"Global Domains International, Inc. DBA DomainCostClub.com",02/12/2025 15:15,02/12/2026 15:15,26/09/2026 09:26
50164e2f-7ecd-4f24-9a61-a00d34e8fccd,bandsaw.guru,available,2.98,54.98,high,low,7,namecheap,,,22/09/2026 00:49
5f22b1a0-2ef2-4a9d-a19a-566e384a1e40,abductor.guru,available,4.49,42.99,medium,low,8,namesilo,,,16/09/2026 14:54
676702a0-6590-4dd1-b190-997ad823b691,losing.guru,available,4.49,42.99,high,low,6,namesilo,,,25/09/2026 11:49
6e714b4f-8310-4d99-b5b1-b05f84e6a86e,cocks.guru,available,4.49,42.99,medium,low,5,namesilo,,,18/09/2026 23:39
f8a39e0d-00f0-427e-b7cc-1ebe384df42c,radcliffe.guru,available,4.49,42.99,medium,low,9,namesilo,,,27/09/2026 07:53
8c6eb89b-7d22-4093-9940-e2a87ded31eb,apulia.guru,available,4.49,42.99,medium,low,6,namesilo,,,19/09/2026 22:42
f6cd675c-3b42-451b-8588-b5a564f52c86,condemned.guru,available,4.5,,medium,low,9,unstoppable,,,28/09/2026 17:15
f070cbcd-bd3c-47ab-b136-4ce4441f2022,graceless.guru,available,2.98,54.98,medium,low,9,namecheap,,,18/08/2026 20:43
8dd69fc2-39eb-43eb-aef7-a36b266f629e,thrift.guru,resell,,,high,low,6,"Sav.com, LLC",26/07/2026 20:51,26/07/2027 20:51,27/09/2026 03:24
83ff49d7-33a2-4478-ac43-0cd150b57a42,abridger.guru,available,2.98,54.98,medium,low,8,namecheap,,,16/09/2026 14:35
d701f0af-96ee-4022-b82e-50dc65190687,raion.guru,available,2.27,34.36,high,low,5,spaceship,,,30/09/2026 20:23
9e5aade3-b237-484e-a0bf-86154376c7cb,messy.guru,available,2.98,54.98,high,low,5,namecheap,,,25/09/2026 19:49
b19624e5-032e-4514-b7ec-20b4dcf3f46c,coherently.guru,available,2.5,35.26,medium,low,10,dynadot,,,28/09/2026 14:06
da18f7f6-0cb8-40e2-9f08-3a6ad07b4916,hauteur.guru,available,4.49,42.99,medium,low,7,namesilo,,,20/09/2026 09:20
38726d75-1c83-4eee-9769-96e2bf853582,doze.guru,available,4.49,42.99,high,low,4,namesilo,,,24/09/2026 23:43
a7d12d2f-98aa-4bfa-a88d-56f1a6e5a35a,sang.guru,available,2.98,54.98,high,low,4,namecheap,,,18/09/2026 20:03
e90767b4-70d6-4bf7-91a0-dcf275d73329,herrick.guru,available,2.98,54.98,medium,low,7,namecheap,,,29/09/2026 01:17
94d46e29-497c-4e54-800f-3a35a35d9fcd,sint.guru,available,4.5,,medium,low,4,unstoppable,,,01/10/2026 16:45
9f800747-328c-4176-90fd-10b40c9a232b,amanuensis.guru,available,2.98,54.98,medium,low,10,namecheap,,,18/09/2026 15:49
806201ac-c200-4004-84a3-7047b86217e3,kudos.guru,available,4.5,,high,low,5,unstoppable,,,29/09/2026 10:58
3664adf5-1c3b-4d29-82fa-eeb5415e36de,cassidy.guru,available,4.49,42.99,high,low,7,namesilo,,,26/09/2026 03:43
580c6b91-ddce-47fb-87dd-f98ab0abea24,riviera.guru,available,4.5,,high,low,7,unstoppable,,,30/09/2026 18:32
4fa2cee8-56fa-4adf-abf0-41e830fe79b8,pendent.guru,available,2.98,54.98,medium,low,7,namecheap,,,08/09/2026 14:07
f12dd0c1-19e7-4827-96dc-2e44be25c06e,avenge.guru,available,2.27,34.36,high,low,6,spaceship,,,29/09/2026 13:46
cb0569d0-fb0b-402e-becb-13ee9bdc3f00,interact.guru,available,33.2,33.2,high,low,8,cloudflare,,,30/09/2026 20:24
7b0749d1-fa24-4fa9-bae3-d502d21f2d90,continually.guru,available,4.5,,medium,low,11,unstoppable,,,01/10/2026 13:36
511c72ee-9b7e-46ad-84bc-9ef455f2d6dd,linearly.guru,available,2.98,54.98,medium,low,8,namecheap,,,15/09/2026 12:25
978377fb-c131-4190-8ee9-74e3f109fb3f,yost.guru,available,4.49,42.99,medium,low,4,namesilo,,,29/09/2026 22:40
d0b00d62-fb72-4ec2-9119-29ea418408ca,kraus.guru,available,4.49,42.99,medium,low,5,namesilo,,,29/09/2026 03:34
59264e59-3444-431a-89ed-a17201cf4950,shear.guru,available,4.49,42.99,medium,low,5,namesilo,,,30/09/2026 11:04
fb362a65-181e-4eb1-99a5-3d64e233681c,ascendancy.guru,available,4.49,42.99,high,low,10,namesilo,,,20/09/2026 13:06
f6f3f1e1-045e-4db7-9520-45b8c5135d27,mithraic.guru,available,2.98,54.98,medium,low,8,namecheap,,,25/08/2026 01:58
d0293d2b-e641-462a-8dc1-479742bd0841,astutely.guru,available,2.98,54.98,high,low,8,namecheap,,,13/09/2026 22:20
6c358038-2bd0-45c3-9b43-857de491be43,ammonium.guru,available,4.49,42.99,high,low,8,namesilo,,,18/09/2026 22:10
50911cc2-2ed6-4f08-bab2-8afc5b988ea2,ships.guru,available,4.49,42.99,medium,low,5,namesilo,,,18/09/2026 14:07
6b1f1602-78d4-4ad4-9a89-73ded8fa54fd,attainable.guru,available,4.49,42.99,high,low,10,namesilo,,,19/09/2026 04:15
03389e1a-5eaa-413b-9622-c9a33bedac33,jeanette.guru,available,2.5,35.26,high,low,8,dynadot,,,29/09/2026 09:37
90ee17f3-bb10-4b4f-8d38-a85948cd97fc,saw.guru,premium,109.53,218.86,high,low,3,porkbun,,,28/09/2026 18:13
cd1604d5-fcaf-48c4-b5d0-d83ad71b06ba,pfa.guru,available,2.27,34.36,high,low,3,spaceship,,,02/10/2026 20:00
3784b336-01df-41c0-9f3c-6a0a908e45d3,eleazar.guru,available,4.49,42.99,medium,low,7,namesilo,,,02/10/2026 09:32
a9a59ebf-095d-4c4a-9873-3ae3b3fe4fb1,commuter.guru,available,4.49,42.99,high,low,8,namesilo,,,24/09/2026 16:39
65947bc9-ea3d-4b9f-84a9-3dd01e7a2ffa,ambulant.guru,available,2.98,54.98,medium,low,8,namecheap,,,
52a4e306-038a-4f86-a44f-da46190b5994,sugared.guru,available,2.98,54.98,medium,low,7,namecheap,,,11/09/2026 01:16
f85cc7cf-98c6-4906-9ab0-43959ac35221,swartz.guru,available,2.5,35.26,medium,low,6,dynadot,,,30/09/2026 13:43
e15eb936-b466-4f20-911a-2209179b697c,categories.guru,available,4.49,42.99,medium,low,10,namesilo,,,30/09/2026 06:09
c7280aa6-250a-434e-bdde-44d605c2785d,enclothe.guru,available,2.98,54.98,medium,low,8,namecheap,,,19/09/2026 19:54
8da2ac7d-7fbc-4a35-9f7a-7830068cb699,resting.guru,available,2.27,34.36,high,low,7,spaceship,,,28/09/2026 04:49
dbcd9a15-1cde-4642-9864-9b69581b8fa5,trapp.guru,available,2.27,34.36,high,low,5,spaceship,,,03/10/2026 04:47
bb28ddce-cb7f-4414-86a6-911e02a044b7,lawsuits.guru,available,33.2,33.2,medium,low,8,cloudflare,,,29/09/2026 11:39
579c6fe3-532e-423b-a957-d8df32380b71,married.guru,available,4.49,42.99,high,low,7,namesilo,,,25/09/2026 16:47
4b4f52f4-5e9b-45da-af6a-4a1211e5f087,acris.guru,available,2.98,54.98,medium,low,5,namecheap,,,17/09/2026 03:16
2e8d9769-16a2-47ea-b6bd-33b55f354bbf,yerkes.guru,available,4.49,42.99,medium,low,6,namesilo,,,03/10/2026 01:55
c0defffc-ee2c-4d70-a6ca-46f5cbd171b2,boyce.guru,available,4.5,,medium,low,5,unstoppable,,,28/09/2026 11:42
fbf86957-0d73-473f-9fe2-3b38e1cf52f0,unacceptable.guru,available,4.49,42.99,medium,low,12,namesilo,,,01/10/2026 05:50
761b8c42-29a4-44ba-916c-ffc6481f1662,kitchens.guru,available,4.5,,medium,low,8,unstoppable,,,02/10/2026 03:24
c67a6bce-691b-4397-8113-93e530f9d5cb,ansi.guru,available,4.49,42.99,medium,low,4,namesilo,,,28/09/2026 11:47
6d694ed3-c045-42c7-a1ec-589ed794fd8c,anaglyphic.guru,available,2.98,54.98,medium,low,10,namecheap,,,
9e21e723-6699-4628-94fb-57c1dfc86870,anarchism.guru,available,2.98,54.98,medium,low,9,namecheap,,,19/09/2026 02:24
2577ecb2-f14d-46a3-b9f8-51b1b4a01460,proving.guru,available,4.49,42.99,high,low,7,namesilo,,,28/09/2026 11:26
93e8328a-d7e9-4416-9fd0-37aa0dd7d612,analogous.guru,available,2.98,54.98,medium,low,9,namecheap,,,
0347427c-9677-4357-ad9c-5622ebb51113,traders.guru,resell,,,high,low,7,"Sav.com, LLC",22/02/2026 17:04,22/02/2027 17:04,26/09/2026 09:43
828a5c0b-77eb-4ad0-a67d-383a28a2ada4,bloodstream.guru,available,4.5,,high,low,11,unstoppable,,,01/10/2026 04:23
d2e660cb-897e-4b93-9a89-171b37b5c821,drapes.guru,available,4.49,42.99,high,low,6,namesilo,,,17/09/2026 07:49
93b5b1e5-5e36-45cd-ac1f-1e7891a2dd1c,bonzer.guru,available,2.98,54.98,medium,low,6,namecheap,,,10/08/2026 19:02
d37ca385-a319-46b2-a1ba-aee410b56a6a,pseudonym.guru,premium,854,854,high,low,9,namesilo,,,19/09/2026 11:33
5a1723ef-64b4-4ec8-a6f1-d95d0154cc4c,springbok.guru,available,4.49,42.99,medium,low,9,namesilo,,,19/09/2026 14:19
b44fa33a-3373-4d3d-83f2-126c83fa19ac,dolphins.guru,available,4.5,,medium,low,8,unstoppable,,,28/09/2026 18:14
1303188c-97cc-436e-9038-608277242027,shocked.guru,available,2.98,54.98,high,low,7,namecheap,,,
61076846-11dc-48e6-9236-713ed2eb3f69,migrated.guru,available,4.5,,medium,low,8,unstoppable,,,02/10/2026 21:27
137dbff7-f0a0-4274-8806-c74a5f958e52,heuristic.guru,available,2.98,54.98,high,low,9,namecheap,,,21/08/2026 07:34
2c55b641-17ae-43ef-89d8-99b276a5c59f,oleaceous.guru,available,2.98,54.98,medium,low,9,namecheap,,,04/09/2026 02:06
9d8498d8-a6e2-4025-aba9-7bda8a97eea0,blazonry.guru,available,4.49,42.99,medium,low,8,namesilo,,,24/09/2026 05:06
eb9e4ff2-5b19-4d04-a2d3-b9b274c9207f,territories.guru,available,4.49,42.99,medium,low,11,namesilo,,,30/09/2026 05:50
e1ae0b9c-c600-4899-9db3-76dc30e392d2,balas.guru,available,2.98,54.98,medium,low,5,namecheap,,,21/09/2026 21:07
4812dd66-2a74-4fa0-8e08-cce489719d1f,uncontrollable.guru,available,3.99,,medium,low,14,name.com,,,
416a4335-8271-489b-a13e-28e3d164ee0f,undercover.guru,available,2.27,34.36,medium,low,10,spaceship,,,02/10/2026 11:28
d142511a-ce00-42fc-b7bc-3dc2be6dc43d,tutsi.guru,available,4.5,,medium,low,5,unstoppable,,,02/10/2026 16:59
e9660397-5695-46db-a8eb-a0a407757fac,isd.guru,available,33.2,33.2,high,low,3,cloudflare,,,30/09/2026 15:03
d00471c3-a328-477d-bab1-608319871942,broke.guru,available,4.49,42.99,high,low,5,namesilo,,,23/09/2026 09:49
dea00681-a6c9-439d-b763-c1b681a69548,burping.guru,available,4.49,42.99,medium,low,7,namesilo,,,23/09/2026 04:38
079f0d36-6b43-47a7-93f6-4bc6a48baa8c,missions.guru,available,4.5,,medium,low,8,unstoppable,,,28/09/2026 23:16
dce2b7e0-cc83-458d-9388-c7de57496408,privileges.guru,available,2.27,34.36,low,low,10,spaceship,,,28/09/2026 17:31
65de9e45-e60d-4109-ad75-37023a2cca49,landscaped.guru,available,2.98,54.98,medium,low,10,namecheap,,,22/08/2026 19:30
5372b366-8a9d-4a89-9e7e-54edad4d3e53,rudyard.guru,available,4.49,42.99,medium,low,7,namesilo,,,01/10/2026 10:43
601b9308-7440-45af-9a4a-eac6da7f4545,dot.guru,premium,118.8,118.8,high,medium,3,namesilo,,,19/09/2026 16:13
75cb32e2-7012-43e5-8e4e-0f8c13afbe32,tremendously.guru,available,4.5,,medium,low,12,unstoppable,,,30/09/2026 19:57
4b5eff5e-994a-4838-a1e7-e2a13816e441,domestication.guru,available,2.27,34.36,high,low,13,spaceship,,,30/09/2026 14:24
e69aafc6-a64e-4863-a2a3-149a46ca39f0,rife.guru,available,2.98,54.98,medium,low,4,namecheap,,,04/09/2026 20:07
19801369-b73a-4334-b420-566b91819edc,bhaga.guru,available,4.49,42.99,medium,low,5,namesilo,,,23/09/2026 12:29
ec59681c-1800-410c-96b7-ff6c12096f4a,germs.guru,available,4.49,42.99,low,low,5,namesilo,,,20/09/2026 10:09
1be7a825-ec5f-48c3-af50-df413c405e7a,appellant.guru,available,2.98,54.98,medium,low,9,namecheap,,,06/08/2026 06:23
5198b6e7-bfbf-4fa1-97a3-d29bcaf88bb0,bob.guru,premium,118.8,118.8,high,medium,3,namesilo,,,22/09/2026 23:31
e682cbd7-0134-4bf6-b2c7-42fae30516f2,newtonian.guru,available,2.98,54.98,medium,low,9,namecheap,,,03/09/2026 16:55
c04b442d-326d-4cc0-ade5-1b9e46c61c64,torture.guru,available,2.98,54.98,medium,low,7,namecheap,,,11/09/2026 18:03
0b58032d-d80f-4ec8-8319-66fb9d8db13c,deliberate.guru,available,2.98,54.98,high,low,10,namecheap,,,11/08/2026 13:56
69d9495b-46cf-4904-aca1-401a647174e3,sweaty.guru,available,2.27,34.36,high,low,6,spaceship,,,01/10/2026 22:22
5594d754-a1d5-4cce-b101-7d87e6d0ec82,leathery.guru,available,2.98,54.98,medium,low,8,namecheap,,,13/08/2026 01:13
b21baca2-adc2-41cf-99c3-c1c414d97d19,coeliac.guru,available,2.98,54.98,medium,low,7,namecheap,,,12/08/2026 15:21
3438a685-abad-47bf-99d0-7bf8a0e46300,globular.guru,available,2.98,54.98,medium,low,8,namecheap,,,08/08/2026 10:06
1138e012-9697-4f35-b3c6-a04c5179e10c,seale.guru,available,2.27,34.36,medium,low,5,spaceship,,,02/10/2026 18:59
6e3e1d05-9a21-4d35-a094-9924a388f33c,proportions.guru,available,4.49,42.99,high,low,11,namesilo,,,17/09/2026 11:38
455ec605-4942-4b9d-ba85-dfde56b8cf6f,airpost.guru,available,4.49,42.99,medium,low,7,namesilo,,,17/09/2026 23:19
0f51d4d2-3710-45e0-b012-df0676701cb2,manipulative.guru,available,4.5,,medium,low,12,unstoppable,,,30/09/2026 19:49
1aded237-8f07-4217-8ddb-d3882d76900c,barney.guru,available,2.98,54.98,high,low,6,namecheap,,,29/09/2026 21:21
3e4301f0-5093-4e64-a2ea-063c9f58c877,digby.guru,available,4.49,42.99,high,low,5,namesilo,,,29/09/2026 15:01
1c263ffa-dd52-4201-ac39-f2a99e261958,assayer.guru,available,2.98,54.98,medium,low,7,namecheap,,,20/09/2026 15:59
98171c7d-d930-48b7-85a3-b916352f6ecd,aristophanes.guru,available,4.49,42.99,medium,low,12,namesilo,,,02/10/2026 00:26
f877e0f3-d5ca-47ce-8c63-b101c474c9a9,automaton.guru,available,2.98,54.98,high,low,9,namecheap,,,21/09/2026 07:00
d40a15c2-5d60-4ba6-b628-0cfde62c2801,dispatching.guru,available,2.98,54.98,high,low,11,namecheap,,,02/10/2026 02:04
96925b6c-effe-4bd8-8ccb-ce28d33f7bae,relinquish.guru,available,2.5,35.26,high,low,10,dynadot,,,01/10/2026 21:29
cbed65c2-694c-49ee-a856-51c6d468d024,rivals.guru,available,3.99,54.99,medium,low,6,name.com,,,20/09/2026 05:05
2a83edc0-edaf-4902-8e28-ce70e2dee30f,pancakes.guru,available,4.49,42.99,medium,low,8,namesilo,,,30/09/2026 06:11
3be40202-0b36-4fdb-bae5-71abdb60a66f,gott.guru,available,4.49,42.99,medium,low,4,namesilo,,,30/09/2026 04:43
3c8062d9-4849-40d7-9011-706d41638efa,enduring.guru,available,2.98,54.98,high,low,8,namecheap,,,
f9926cca-8575-4845-bdde-26cddc7eeda0,aum.guru,resell,,,high,low,3,"Spaceship, Inc.",22/02/2026 17:45,22/02/2027 17:45,26/09/2026 04:08
b6cf2236-7c2a-402d-bbc4-607d8d7c75b0,babble.guru,available,4.49,42.99,high,low,6,namesilo,,,21/09/2026 12:19
8305e507-dc1d-407d-a68f-df9a523fcbb6,corporal.guru,available,2.98,54.98,high,low,8,namecheap,,,13/08/2026 01:52
a60d0200-6a2a-4fe7-95d6-e124c0052d10,balderdash.guru,available,2.98,54.98,medium,low,10,namecheap,,,21/09/2026 21:39
da7c7f1e-583b-4d99-8438-342ad04f0788,driving.guru,resell,,,high,low,7,"Sav.com, LLC - 2",28/06/2026 15:15,28/06/2027 15:15,26/09/2026 05:42
02871c39-c4a4-47a0-88b2-f838ff6149fe,houghton.guru,available,4.49,42.99,medium,low,8,namesilo,,,25/09/2026 23:07
b9b3fba7-3fb4-491d-acb4-b0da097457e3,mobile.guru,resell,5922.5,,high,medium,6,"Global Domains International, Inc. DBA DomainCostClub.com",26/05/2026 15:15,26/05/2027 15:15,26/09/2026 07:35
3c88c337-e330-41c1-b099-36e98a9c4f39,convicted.guru,available,33.2,33.2,medium,low,9,cloudflare,,,27/09/2026 23:23
7ee7d870-6dca-4938-a573-58c31507a303,confirmed.guru,available,2.98,54.98,high,low,9,namecheap,,,23/09/2026 19:53
a0377a54-b2d0-4867-afab-9f76812fcc9f,decline.guru,available,2.5,35.26,medium,low,7,dynadot,,,28/09/2026 13:52
3ce48164-26f6-4418-8ff5-b177443ccd7c,buffet.guru,available,4.49,42.99,high,low,6,namesilo,,,19/09/2026 17:05
26d862c6-ab31-49fd-acbc-e55ba60e420e,scouting.guru,available,2.57,34.5,high,low,8,porkbun,,,29/09/2026 00:51
7d27e872-e275-493f-85b5-80700e86fb12,father.guru,premium,102.67,102.67,high,low,6,spaceship,,,29/09/2026 02:01
2e2b0c08-1a86-435f-979d-3523b975f355,fixes.guru,available,2.98,54.98,medium,low,5,namecheap,,,01/10/2026 18:27
faff9ee3-71e0-484a-bc7a-b9ba37e39c87,mixed.guru,available,4.49,42.99,medium,low,5,namesilo,,,19/09/2026 12:23
9fa972bd-94f3-4f5f-98ad-a148fe1c524c,moderne.guru,available,2.98,54.98,medium,low,7,namecheap,,,25/08/2026 03:00
f81ba867-7f5d-4b19-af9e-274f4ed867aa,caracas.guru,available,2.5,35.26,high,low,7,dynadot,,,29/09/2026 07:11
a4ab7779-2448-4d7f-91ed-ec97078fb17a,countable.guru,available,2.98,54.98,high,low,9,namecheap,,,13/08/2026 03:28
5f8c57c4-775f-487a-832a-59e8eb43e1ff,evils.guru,available,2.5,35.26,low,low,5,dynadot,,,01/10/2026 16:07
bea53c58-6934-4ecd-b910-5721caf2cb24,moscow.guru,premium,99.5,118.8,high,low,6,unstoppable,,,29/09/2026 07:06
82aec9b7-10dd-4fde-a8fc-6cd778f854dd,uncomfortable.guru,available,4.49,42.99,medium,low,13,namesilo,,,26/09/2026 00:44
7149edcb-cbed-4e6f-962e-0716ad02f193,drifted.guru,available,33.2,33.2,low,low,7,cloudflare,,,30/09/2026 07:02
8ae63cc7-6b06-4759-9af4-0d2b631578b7,dance.guru,resell,,,high,low,5,"Sav.com, LLC - 5",22/09/2025 17:00,22/09/2027 17:00,26/09/2026 05:24
7e95e197-4de6-4ab3-b5c7-cdc8b0bef3e1,iatrogenic.guru,available,2.98,54.98,medium,low,10,namecheap,,,21/08/2026 17:30
ef8e8651-c460-440a-a5d9-bd895061ac7f,issus.guru,available,4.49,42.99,medium,low,5,namesilo,,,22/09/2026 15:11
04af449e-d72f-4c34-a4d8-defe16df53a7,cottages.guru,available,4.49,42.99,medium,low,8,namesilo,,,02/10/2026 02:58
1fa59d10-4b68-4a6d-a34c-504a749089c2,zoonotic.guru,available,2.98,54.98,medium,low,8,namecheap,,,13/09/2026 15:35
930ac838-83eb-4b77-a326-0a4b7a33debb,liner.guru,available,33.2,33.2,high,low,5,cloudflare,,,30/09/2026 02:08
8e7993ce-6f0f-4afb-ab24-da317376b3a1,mistakenly.guru,available,2.98,54.98,medium,low,10,namecheap,,,14/09/2026 16:00
5d8bdc01-1222-4ad1-a4f9-1f9db6fc1bad,unconfused.guru,available,2.98,54.98,medium,low,10,namecheap,,,12/09/2026 01:27
59b91491-af9b-43e1-a8f3-6de848c6a31f,arsenide.guru,available,4.49,42.99,medium,low,8,namesilo,,,20/09/2026 09:41
34c9af4b-0b3f-4f31-bfd2-76e1325e9dcd,phonemic.guru,available,2.98,54.98,medium,low,8,namecheap,,,08/09/2026 19:02
70cca2e8-deeb-4285-80d8-c70bd08f8703,sibling.guru,available,4.5,,high,low,7,unstoppable,,,29/09/2026 20:18
911b9a30-dc0f-4db5-a967-80e0a6a827fd,crossbow.guru,available,4.49,42.99,high,low,8,namesilo,,,02/10/2026 14:48
c668472c-1f9a-4f33-987f-1deaccb53615,porkfish.guru,available,4.49,42.99,medium,low,8,namesilo,,,19/09/2026 09:38
b281f094-0237-4e4d-8cc3-75a72544fc4e,aftershock.guru,available,4.49,42.99,medium,low,10,namesilo,,,17/09/2026 15:51
0b827e03-d682-4e2b-b40f-1017e1677795,gladsome.guru,available,2.98,54.98,high,low,8,namecheap,,,19/08/2026 00:13
ee290399-16d1-48a1-9613-68baa2360665,dissimilar.guru,available,2.98,54.98,medium,low,10,namecheap,,,14/08/2026 12:48
8b124d50-b3c0-49f7-bba3-1141fd4aac22,horrifying.guru,available,2.98,54.98,medium,low,10,namecheap,,,18/08/2026 15:42
15960feb-8b89-467f-a9db-9c715778aa82,steinmetz.guru,available,4.5,,high,low,9,unstoppable,,,02/10/2026 23:57
29b22025-476e-45b6-9ec3-d19f1a80ffb7,stubbornly.guru,available,2.98,54.98,medium,low,10,namecheap,,,14/09/2026 10:12
7dc62e4b-ee73-46fc-9d0a-6fac3a6f2978,erected.guru,available,2.98,54.98,medium,low,7,namecheap,,,01/10/2026 22:38
7ba5318e-6904-4b35-84d9-08e96464b305,compensated.guru,available,2.98,54.98,medium,low,11,namecheap,,,01/10/2026 18:26
be4bef90-07c9-4cac-84bc-b1ac43e3dad1,hostess.guru,available,4.49,42.99,high,low,7,namesilo,,,17/09/2026 22:27
3689d52c-fba8-46bf-b115-2b0821863524,ministrant.guru,available,2.98,54.98,medium,low,10,namecheap,,,24/08/2026 23:57
bb303e88-b203-4f5d-a5b0-11842548001d,uut.guru,available,4.49,42.99,medium,low,3,namesilo,,,20/09/2026 22:17
14547839-ff66-4645-a263-a5fea88fc463,appointee.guru,available,4.49,42.99,medium,low,9,namesilo,,,19/09/2026 21:58
6ef9a2bf-bc66-4484-b709-29d46c4b4aee,montagu.guru,available,2.98,54.98,medium,low,7,namecheap,,,20/09/2026 13:56
14a98123-a10a-4eb3-b18b-5eb723d77c4a,streamer.guru,available,,,high,low,8,,,,
749d166e-e3d6-4292-b0b6-2c8c5bd649d2,analecta.guru,available,4.49,42.99,medium,low,8,namesilo,,,19/09/2026 01:47
150f99b4-4157-4c56-9458-f2ef95c4e1de,buttony.guru,available,2.98,54.98,medium,low,7,namecheap,,,09/08/2026 03:34
5876c872-a98e-47e9-9a24-5112a3bd76ba,woodlawn.guru,available,4.49,42.99,medium,low,8,namesilo,,,29/09/2026 22:48
2fbc2b88-6211-4099-8cae-478d8e66d847,mediate.guru,available,2.98,54.98,high,low,7,namecheap,,,21/08/2026 23:37
6fb5881d-4793-494f-9074-a08f1696e157,berthold.guru,available,4.49,42.99,medium,low,8,namesilo,,,30/09/2026 13:32
0f9dc564-f8ac-4330-a161-5668251b6a87,naif.guru,available,2.98,54.98,medium,low,4,namecheap,,,03/09/2026 12:52
49e366e5-1dba-485a-b1a9-f5c2c0f9fd97,postgraduate.guru,available,33.2,33.2,high,low,12,cloudflare,,,02/10/2026 17:51
33593b23-74d2-4af2-9478-1f9adc0d192a,alleged.guru,available,4.49,42.99,high,low,7,namesilo,,,22/09/2026 01:19
99b53de0-abd1-418e-8ecb-066943543c00,adiantum.guru,available,4.49,42.99,medium,low,8,namesilo,,,17/09/2026 08:05
b5d0f230-e29f-45ee-b33d-11268d0b9c00,athletic.guru,available,4.49,42.99,high,low,8,namesilo,,,21/09/2026 16:12
6a6f2cae-b6ec-4bfa-9643-8272faa82434,mocked.guru,available,2.5,35.26,medium,low,6,dynadot,,,02/10/2026 13:42
23f4afb6-849a-492f-949b-35be3354e44c,mismatched.guru,available,2.98,54.98,medium,low,10,namecheap,,,25/08/2026 01:36
09f16bac-f65a-471d-9073-2ed66b217f14,aeolian.guru,available,2.98,54.98,medium,low,7,namecheap,,,
64e7db67-18dc-4111-b493-dd6f2d6455cd,default.guru,available,2.27,34.36,high,low,7,spaceship,,,29/09/2026 13:30
91912611-6fbb-4ffc-8c97-fba8b348a45c,endeavour.guru,available,4.49,42.99,high,low,9,namesilo,,,21/09/2026 01:16
49f0e7e1-5f07-4014-aff9-f7a6eda80e9d,judas.guru,available,33.2,33.2,medium,low,5,cloudflare,,,28/09/2026 19:35
f416a571-b045-46bb-ba90-9fbf4767b70b,portsmouth.guru,premium,118.8,118.8,high,low,10,namesilo,,,25/09/2026 10:02
311ee605-ff0f-4049-b1a1-7231ddf37da3,semisolid.guru,available,2.98,54.98,medium,low,9,namecheap,,,10/09/2026 03:26
a0dcbb36-b4da-4b66-bd8a-f3aaeb26defd,withhold.guru,available,4.5,,high,low,8,unstoppable,,,30/09/2026 19:13
30af9627-d8d4-481e-a95d-5631aadf5287,lock.guru,resell,,,high,low,4,"Sav.com, LLC - 9",13/12/2025 15:15,13/12/2026 15:15,29/09/2026 23:33
5b834454-913d-433f-a36f-bb9e1d961b02,funfair.guru,available,4.49,42.99,high,low,7,namesilo,,,24/09/2026 16:14
d54b29fa-cbd7-466a-b756-ca61457627ea,husain.guru,available,2.27,34.36,medium,low,6,spaceship,,,02/10/2026 15:45
0071e54e-2da9-4907-9a82-b3c5a52da299,baylor.guru,available,4.49,42.99,medium,low,6,namesilo,,,27/09/2026 01:57
d9134edb-630a-4848-8b2b-88da56fd9ddb,mancunian.guru,available,2.98,54.98,medium,low,9,namecheap,,,24/08/2026 14:36
6223e461-d87d-4bc0-ba26-f5f5a05d9916,ronald.guru,premium,,,medium,low,6,,,,28/09/2026 11:51
d9de868f-3db9-481d-9a2d-05c6dcc86d79,spatter.guru,available,2.98,54.98,medium,low,7,namecheap,,,15/09/2026 20:19
0a4ec8e8-92ae-4b18-8e57-c53455f9ae34,maddy.guru,available,33.2,33.2,high,low,5,cloudflare,,,01/10/2026 09:20
052a4cf0-9d9f-47b1-9f6c-3ca1014c70ba,remedial.guru,available,4.49,42.99,high,low,8,namesilo,,,22/09/2026 02:24
cfa08531-e950-4cf1-bf56-6f6a8c635208,taipei.guru,premium,118.8,118.8,high,low,6,namesilo,,,29/09/2026 07:03
d6bdc12d-514e-4343-b96e-29220ed141e6,damp.guru,available,3.99,54.99,medium,low,4,name.com,,,13/08/2026 16:39
a48da47b-8c68-4a3d-970e-5b40de4c93bc,gallican.guru,available,2.98,54.98,medium,low,8,namecheap,,,18/08/2026 19:40
f2935a52-c3cf-41b9-a887-b75c351b1db8,gumptious.guru,available,2.98,54.98,medium,low,9,namecheap,,,20/08/2026 20:57
d8053d35-dd74-4040-9ac3-f4de620a19fc,iraqi.guru,available,2.98,54.98,high,low,5,namecheap,,,22/08/2026 09:35
7299c103-6d71-45e1-a61d-01e5ede7db5d,barth.guru,available,4.49,42.99,medium,low,5,namesilo,,,22/09/2026 09:03
915740ef-68a0-413d-8bd4-b3efa98cf54c,roomily.guru,available,2.98,54.98,medium,low,7,namecheap,,,16/09/2026 00:01
6cdb0a12-ab5e-4e0f-964d-1c5630a28469,shrewsbury.guru,available,4.49,42.99,medium,low,10,namesilo,,,27/09/2026 19:32
ec96dad0-bac2-4790-b755-db0762f89e1c,efl.guru,available,2.5,35.26,high,low,3,dynadot,,,29/09/2026 09:34
fe70c9e9-bb7a-450a-9de1-78356d42d5c2,mont.guru,available,2.5,35.26,medium,low,4,dynadot,,,30/09/2026 19:51
fb2a021b-2a19-4dce-821c-a42b98cc13d2,clipping.guru,available,4.49,42.99,high,low,8,namesilo,,,24/09/2026 15:47
ea3d1d3c-8199-45a6-acbe-ddca47f94eb8,philanthropic.guru,available,4.49,42.99,high,low,13,namesilo,,,01/10/2026 02:22
cee518a0-b1af-4487-b611-d0f1f085e911,alchemic.guru,available,2.98,54.98,medium,low,8,namecheap,,,
7a90b522-ae1d-4059-9b10-e5b328b05375,balm.guru,available,4.49,42.99,high,low,4,namesilo,,,21/09/2026 23:35
108142ae-79a4-4634-9c1b-fba3aa8f2fff,unprotected.guru,available,4.5,,medium,low,11,unstoppable,,,30/09/2026 12:02
1f837fed-61c5-446b-975e-602b6f0a7df6,esperanza.guru,available,2.27,34.36,high,low,9,spaceship,,,30/09/2026 23:47
a4d1031b-4808-42cd-9af4-77562b8fa37c,congregational.guru,available,3.99,,medium,low,14,name.com,,,
42824d1e-2401-47e7-948b-f12fb3f4b64b,algebra.guru,available,4.49,42.99,high,low,7,namesilo,,,18/09/2026 06:54
2090a654-ce82-47d4-a354-c128b369ff0f,lii.guru,available,2.98,54.98,medium,low,3,namecheap,,,
81132709-8dc7-460e-b6d1-fb44072d7697,nicole.guru,available,4.49,42.99,high,low,6,namesilo,,,02/10/2026 09:40
9af5a0a2-f651-4301-acf8-988e6bba16a6,proximal.guru,available,2.98,54.98,high,low,8,namecheap,,,09/09/2026 04:44
11d3a957-e6f8-43ae-8e6a-7e7c3905f441,khaki.guru,available,2.98,54.98,high,low,5,namecheap,,,22/08/2026 15:47
d46a1f0c-b38f-445e-b943-42246ea69c5a,colbert.guru,available,4.49,42.99,medium,low,7,namesilo,,,27/09/2026 12:41
dd75d135-b555-466c-8bd1-813fa6e0af81,apoidea.guru,available,2.98,54.98,medium,low,7,namecheap,,,19/09/2026 18:38
b86f9813-93b2-4513-994c-87461cde37a8,sultrily.guru,available,2.98,54.98,medium,low,8,namecheap,,,16/09/2026 01:00
449487d1-8e6e-45c8-931e-98da9e82d23a,ataxia.guru,available,4.49,42.99,medium,low,6,namesilo,,,20/09/2026 19:46
3684ef82-4651-4571-a0da-9474dcc8f975,baronet.guru,available,2.98,54.98,high,low,7,namecheap,,,22/09/2026 07:28
d240453e-2cb4-486c-9f69-cb2fa043c2f6,attempt.guru,available,33.2,33.2,high,low,7,cloudflare,,,28/09/2026 23:03
85906524-a74a-4405-9a82-1b36b61e7e9a,favors.guru,available,4.49,42.99,high,low,6,namesilo,,,18/09/2026 09:42
e4bf502e-a964-452e-950a-700861a379d8,urbane.guru,available,2.98,54.98,high,low,6,namecheap,,,11/09/2026 04:57
386fabe9-7f29-450a-ac12-71b519d0f190,ceilings.guru,available,33.2,33.2,medium,low,8,cloudflare,,,30/09/2026 16:13
5d850187-5ff6-488f-8617-b8364b378797,spree.guru,available,2.27,34.36,high,low,5,spaceship,,,30/09/2026 18:48
d8a52f3f-d325-4b58-a5c3-bdc12292f959,esteem.guru,available,2.27,34.36,high,low,6,spaceship,,,28/09/2026 18:46
8b18d914-e4aa-41c4-a7a2-8993523160dc,apprehensive.guru,available,2.27,34.36,medium,low,12,spaceship,,,02/10/2026 06:57
159e1bd5-5658-45f8-8d9e-9a5e5fecfbfb,nosey.guru,available,2.98,54.98,medium,low,5,namecheap,,,03/09/2026 21:50
bcc48fb5-d012-495f-920f-531b8df5e8f8,moonshine.guru,available,2.98,54.98,high,low,9,namecheap,,,10/08/2026 19:35
e007d3ac-57be-4741-a350-877f231c92a9,murmured.guru,available,2.98,54.98,medium,low,8,namecheap,,,18/09/2026 02:23
e6edf3d2-0598-4a01-9664-e576f44d20fd,neutrophils.guru,available,4.49,42.99,medium,low,11,namesilo,,,30/09/2026 14:46
1b6c39f0-1694-46ba-98e4-889cc4f25365,llewellyn.guru,available,4.49,42.99,medium,low,9,namesilo,,,29/09/2026 09:48
78d73073-2087-4798-96c4-ad495e4dce1e,triggered.guru,available,4.49,42.99,medium,low,9,namesilo,,,29/09/2026 05:24
b09fd702-320d-4226-9509-5d5cd906ffa4,topnotch.guru,available,,,high,low,8,,,,
57605d6d-2162-4cc5-b31c-786507a7ca56,pickings.guru,available,2.98,54.98,medium,low,8,namecheap,,,11/09/2026 07:21
cd9e1e55-1d55-400c-a0ff-7d71eca2e27a,adige.guru,available,4.49,42.99,medium,low,5,namesilo,,,17/09/2026 08:16
09994921-22f7-482e-8559-838384a09714,kendra.guru,available,4.49,42.99,medium,low,6,namesilo,,,01/10/2026 07:27
4af76add-30a0-4f1e-91f6-f05d2ad3bc16,empress.guru,available,4.5,,high,low,7,unstoppable,,,30/09/2026 17:09
915f6ca3-613e-424b-95a1-550cee0c99c2,considerably.guru,available,2.27,34.36,medium,low,12,spaceship,,,29/09/2026 14:23
ca605640-38d5-41f6-b529-a528de20c5d4,adhesion.guru,available,2.98,54.98,high,low,8,namecheap,,,17/09/2026 07:59
973191b2-6aa4-46ea-ba91-84614af60f0f,boethius.guru,available,4.49,42.99,medium,low,8,namesilo,,,19/09/2026 08:26
f35ea6a4-87d0-424d-a24d-4b02b2e41d7b,energizer.guru,available,4.49,42.99,high,low,9,namesilo,,,19/09/2026 09:06
435a00dd-1e88-4c9d-b39b-15572f80ad0d,mackerel.guru,available,2.27,34.36,high,low,8,spaceship,,,02/10/2026 05:41
4e155a8c-cf7c-4766-8361-ad03762e4675,cdrom.guru,available,4.49,42.99,medium,low,6,namesilo,,,30/09/2026 16:37
b8f41e20-0555-4e15-94d2-28c41d76b7d7,nantucket.guru,resell,,,medium,low,9,,,,28/09/2026 19:57
e67af873-fc8a-4606-9201-057f7f0220be,vorticity.guru,available,33.2,33.2,medium,low,9,cloudflare,,,02/10/2026 21:47
6644bba4-40d9-4731-b762-fe4142c398f0,mythological.guru,available,2.27,34.36,high,low,12,spaceship,,,30/09/2026 14:14
44843d6b-5308-4a04-86cf-9999dbe15f86,palmate.guru,available,2.98,54.98,medium,low,7,namecheap,,,04/09/2026 23:55
ba2600f2-f5a5-45c2-bdb0-522f48ff527b,mistaken.guru,available,2.98,54.98,medium,low,8,namecheap,,,25/08/2026 01:52
beb1a271-8d3e-44b7-a48c-8058e08ac39a,thwart.guru,available,2.98,54.98,medium,low,6,namecheap,,,09/09/2026 08:15
9cb7641e-e52a-4f1d-87df-199f576fa948,section.guru,available,2.98,54.98,high,low,7,namecheap,,,08/09/2026 06:07
3924ae26-df76-435e-a737-4929c714acf5,overleaf.guru,available,2.98,54.98,medium,low,8,namecheap,,,15/09/2026 18:27
8133a695-bf69-4a9c-89c4-96dea228783a,novice.guru,available,4.49,42.99,high,low,6,namesilo,,,23/09/2026 02:23
37b5dfe1-21aa-4f42-b4b9-30cddde4b4c5,tamed.guru,available,2.98,54.98,high,low,5,namecheap,,,11/09/2026 07:46
08af8c13-b65a-48b2-8f6e-007e01582dba,schizophrenic.guru,available,4.5,,medium,low,13,unstoppable,,,30/09/2026 12:09
f3d1f600-bd0f-4dd8-ace6-95c905cbaa43,vienne.guru,available,2.5,35.26,medium,low,6,dynadot,,,02/10/2026 04:28
c760bee8-c1da-40a1-b58f-b893b602b8d8,insisted.guru,available,33.2,33.2,medium,low,8,cloudflare,,,27/09/2026 23:35
e1eb593b-1cef-41d6-9c3e-89a61e6250e6,notts.guru,available,33.2,33.2,medium,low,5,cloudflare,,,02/10/2026 19:32
6e02c6b5-83d0-451b-b02d-e80618aefff2,cherish.guru,available,2.57,34.5,high,low,7,porkbun,,,29/09/2026 08:23
927f4252-165c-4c49-95e0-6a1a3da186dd,overcoat.guru,available,33.2,33.2,high,low,8,cloudflare,,,01/10/2026 19:51
d5a272f1-8679-4032-a41f-b688c6c9872e,madly.guru,available,2.98,54.98,medium,low,5,namecheap,,,14/09/2026 09:19
9f227b26-39dd-4ee9-802b-ddec9fd0e867,arboretum.guru,available,4.49,42.99,medium,low,9,namesilo,,,20/09/2026 00:49
799e5b53-bb70-4659-8daa-e132b1218dc6,ips.guru,premium,99.5,,high,low,3,unstoppable,,,29/09/2026 03:50
52929324-a8dc-458b-8e7d-47ac7aaaf337,sacrificing.guru,available,2.27,34.36,medium,low,11,spaceship,,,30/09/2026 14:38
971eb6a8-076f-4d27-8b20-b1ad2b5b5207,conventions.guru,available,4.49,42.99,medium,low,11,namesilo,,,29/09/2026 16:17
fb08f346-2ce7-4391-abce-ed61e029b986,haworth.guru,available,2.98,54.98,medium,low,7,namecheap,,,29/09/2026 19:08
132fb15b-1650-4653-9480-56d73607f84a,filtered.guru,available,4.5,,high,low,8,unstoppable,,,02/10/2026 18:14
48bdea05-82a2-4575-8bc6-63cdf4e2c96a,matted.guru,available,2.98,54.98,medium,low,6,namecheap,,,24/08/2026 16:52
8e8d9352-0ba5-4a3e-8f94-bb4038147e60,chivalry.guru,available,2.57,34.5,high,low,8,porkbun,,,01/10/2026 01:21
7623567d-c710-4eee-8361-f75380450c4f,castilla.guru,available,2.27,34.36,high,low,8,spaceship,,,01/10/2026 18:55
10d815f2-7ea8-4536-9d15-108cdc09aeee,services.guru,premium,242,242,high,low,8,namesilo,,,30/09/2026 10:59
797d0af0-8d28-4966-b29b-2c2901528458,biota.guru,available,2.98,54.98,high,low,5,namecheap,,,23/09/2026 19:05
770bfafc-cc63-4f64-9fa9-543028cdb810,dour.guru,available,2.98,54.98,medium,low,4,namecheap,,,14/08/2026 14:56
a8331b6a-d4c0-4c30-99a8-51572700c7d9,sleepily.guru,available,2.98,54.98,medium,low,8,namecheap,,,16/09/2026 02:32
0a2e15ef-1710-4ea4-a142-19f36564a16c,berkshire.guru,available,4.49,42.99,high,low,9,namesilo,,,23/09/2026 09:33
ea5a4f68-83cf-4e4d-9e0a-e438bca7b019,choices.guru,available,4.49,42.99,high,low,7,namesilo,,,17/09/2026 06:36
c3556bd0-35a1-47f9-948e-e6cd9ad24959,munich.guru,available,4.5,,high,low,6,unstoppable,,,30/09/2026 05:22
83c616bd-6d90-4c2c-97de-61ce089fcc2d,libertad.guru,available,2.27,34.36,high,low,8,spaceship,,,01/10/2026 23:36
46c1058c-4912-4415-b0a1-ce255af66040,assortment.guru,available,2.98,54.98,high,low,10,namecheap,,,25/08/2026 07:59
4672e513-0a53-4504-b8bd-231a9f8ddf26,sighs.guru,available,4.5,,medium,low,5,unstoppable,,,30/09/2026 00:18
468787c8-0a7f-4a94-bec6-c2e2a7ec51d4,sam.guru,premium,220,220,high,medium,3,dynadot,,,30/09/2026 10:32
852a6f0b-a1d6-4308-adb7-60a4e52db4aa,fauna.guru,available,2.98,54.98,high,low,5,namecheap,,,
c2cc5db0-1686-44b0-bd73-294d85ee4705,structured.guru,available,2.98,54.98,high,low,10,namecheap,,,10/09/2026 22:50
0d94eaef-5c3f-49b4-8979-1d45e9dd490f,ankles.guru,available,4.5,,medium,low,6,unstoppable,,,30/09/2026 00:20
c67014bd-d11c-45ff-a6a3-340219fe3e3e,hempen.guru,available,2.98,54.98,medium,low,6,namecheap,,,18/08/2026 03:20
439d4cda-acdf-4cd8-aea0-2c420c1b66d2,trailblazer.guru,available,4.5,,high,low,11,unstoppable,,,03/10/2026 02:32
46c091ac-e0d4-4135-9321-562dd52b706a,living.guru,resell,7590,41.25,high,low,6,"Sav.com, LLC - 24",19/09/2026 15:16,19/09/2027 15:16,26/09/2026 07:16
df5dccf6-2c47-4efb-a81f-203e8f0e72aa,ovular.guru,available,2.98,54.98,medium,low,6,namecheap,,,04/09/2026 22:12
e1bbf004-83dd-452f-9070-8bebeb714d9e,wycliffe.guru,available,4.49,42.99,medium,low,8,namesilo,,,03/10/2026 01:22
3b4ef4ad-762e-48ab-b923-432b6fd66b9e,breech.guru,available,33.2,33.2,medium,low,6,cloudflare,,,02/10/2026 23:41
8fd8cf7a-c5dc-46e5-a4c8-d567867fa199,spinner.guru,available,2.27,34.36,high,low,7,spaceship,,,01/10/2026 03:50
920ce827-625f-404d-af4c-1fdf1ba2f6bd,touchable.guru,available,2.98,54.98,high,low,9,namecheap,,,11/09/2026 07:57
e6966e9f-4d13-49d8-87b8-4dddd041f2a4,cult.guru,resell,,,high,medium,4,"Sav.com, LLC",23/04/2026 21:44,23/04/2027 21:44,26/09/2026 05:22
d604691b-63f6-4818-8e28-61e7f33554ae,mysticism.guru,available,2.27,34.36,medium,low,9,spaceship,,,03/10/2026 01:41
cc579cfe-bca2-4cfb-b204-b8f0aec81138,caterpillar.guru,resell,,,high,high,11,,,,30/09/2026 11:35
197bd26c-b887-4117-bc85-feabfee15b74,dermot.guru,available,2.98,54.98,medium,low,6,namecheap,,,02/10/2026 19:37
98560668-8e8d-49da-96f4-ba5b27865723,legacy.guru,resell,,,high,medium,6,"Sav.com, LLC - 14",21/01/2026 15:15,21/01/2027 15:15,26/09/2026 07:11
b63789a6-2d65-4539-bdac-dd657936484e,bladder.guru,available,4.49,42.99,high,low,7,namesilo,,,24/09/2026 03:26
eba08e29-6516-4586-90c3-e01f7af1e9a9,freaks.guru,available,2.27,34.36,low,low,6,spaceship,,,30/09/2026 00:34
129ed548-9af1-4c32-a711-f2a5db5d638b,depend.guru,available,2.5,35.26,high,low,6,dynadot,,,30/09/2026 18:33
4ace8c45-f03a-486e-846f-cf0fd3d97e94,exert.guru,available,2.98,54.98,high,low,5,namecheap,,,02/10/2026 15:03
97bab415-6056-430a-9110-c4d0c25edbaa,cleverly.guru,available,4.49,42.99,high,low,8,namesilo,,,28/09/2026 13:56
7f28f334-84cd-4073-9c4a-2158a7da1fe1,restrictive.guru,available,2.98,54.98,medium,low,11,namecheap,,,01/10/2026 06:03
14ee2bb5-e3c1-41fd-9b9a-28d7259f0943,arteria.guru,available,4.49,42.99,high,low,7,namesilo,,,20/09/2026 10:30
b70ed958-2f27-41bc-8858-116ec555e80b,freetown.guru,available,4.49,42.99,high,low,8,namesilo,,,24/09/2026 12:22
22196d91-32ff-43f7-ab4d-1531265fc7ba,undergraduate.guru,available,2.98,54.98,medium,low,13,namecheap,,,01/10/2026 06:13
71e2a96e-dda9-44fc-bea7-5fbf76470c03,exception.guru,available,4.5,,high,low,9,unstoppable,,,29/09/2026 18:20
346a2451-31c1-4d6f-83bd-e88b19b8cb18,unrested.guru,available,2.98,54.98,medium,low,8,namecheap,,,12/09/2026 18:02
36b16879-33f2-43cc-90b4-af29d633ee2f,crucified.guru,available,2.27,34.36,medium,low,9,spaceship,,,30/09/2026 06:13
0ccb23a3-16ad-48bc-8edc-4f22d1910d2b,uyghur.guru,available,4.49,42.99,high,low,6,namesilo,,,03/10/2026 04:41
134c0566-bd89-4fc4-9bb8-35db033498a5,gaslit.guru,available,4.49,42.99,medium,low,6,namesilo,,,17/09/2026 16:25
00f1346a-d447-4b9b-b59d-c803d2e17c98,zoophagous.guru,available,2.98,54.98,low,low,10,namecheap,,,18/08/2026 07:58
8a5ea800-a2f5-45d4-a5a8-7ec0b72b2377,adad.guru,available,4.49,42.99,medium,low,4,namesilo,,,17/09/2026 06:02
d1e4595f-115c-4df0-a7a6-2081e76deede,exploiting.guru,available,2.98,54.98,medium,low,10,namecheap,,,30/09/2026 15:07
32b3dec5-4f83-4f21-a93d-e6aaa52059eb,therapist.guru,resell,,,high,low,9,,,,28/09/2026 02:06
4a0a9e76-0253-4c76-9f06-8a04b1d379f5,fooled.guru,available,4.5,,low,low,6,unstoppable,,,29/09/2026 04:52
6441f658-ae7e-4f8b-be4d-3706243b2fa1,casualties.guru,available,2.27,34.36,medium,low,10,spaceship,,,27/09/2026 21:53
c216aec0-b766-4606-9d5c-fbca1cd2efd2,adjectives.guru,available,4.49,42.99,medium,low,10,namesilo,,,18/09/2026 16:11
a72fc3c1-b5c9-4477-9a98-27006c9818dd,climbable.guru,available,2.98,54.98,medium,low,9,namecheap,,,07/08/2026 00:10
55b3bed0-8532-48cb-aa35-aa803e567cec,parasite.guru,available,4.49,42.99,medium,low,8,namesilo,,,29/09/2026 01:47
acba894b-d2f9-4431-ba54-d4beddd30dc1,cavern.guru,available,2.27,34.36,high,low,6,spaceship,,,01/10/2026 01:18
7dc88ba4-059f-40cd-81f1-c068e476af70,dudley.guru,premium,,,medium,low,6,,,,28/09/2026 12:03
c9500b18-d218-43f4-985f-14ad8b1080eb,eviscerate.guru,available,2.98,54.98,medium,low,10,namecheap,,,17/08/2026 15:10
c6835346-06d2-4419-a329-548dff9c955c,southey.guru,available,2.27,34.36,medium,low,7,spaceship,,,01/10/2026 21:34
a70e17ca-67b3-47d0-b5b0-6785d254c430,blackcap.guru,available,2.98,54.98,medium,low,8,namecheap,,,23/09/2026 23:42
fdde114f-3cb7-4d1c-8b4b-90f3617b861e,allegiant.guru,available,2.98,54.98,medium,low,9,namecheap,,,
72c7065a-c8f2-419e-8265-f01e357939a2,worthwhile.guru,available,4.49,42.99,high,low,10,namesilo,,,28/09/2026 11:04
e8b39859-77ad-482a-b54c-f779a094f002,uncoiled.guru,available,2.98,54.98,medium,low,8,namecheap,,,12/09/2026 05:44
a2055670-5fe2-4ba6-92ba-df580cd3e0d4,scanty.guru,available,2.98,54.98,medium,low,6,namecheap,,,09/09/2026 22:38
8433c905-de46-4fe7-9948-12fdfa507667,grievous.guru,available,2.98,54.98,medium,low,8,namecheap,,,07/08/2026 14:41
afa54341-0a9e-4388-a64e-da4a3843c774,aviation.guru,resell,,,high,low,8,Dynadot Inc,16/07/2026 17:00,16/07/2027 17:00,26/09/2026 04:10
0eda7b5f-69ff-4b3c-b924-7e48ba4cd8f2,mortgage.guru,resell,,,high,low,8,,,,28/09/2026 06:56
24db221f-7586-42c3-966a-54493f3fb6c9,mckenzie.guru,available,4.49,42.99,high,low,8,namesilo,,,25/09/2026 12:28
bff4e708-bbf1-4811-8ea4-bbc6f02b1c91,betrothed.guru,available,2.98,54.98,high,low,9,namecheap,,,09/08/2026 18:07
91423910-2d72-46d4-81f0-9d9a9ca35e2e,impose.guru,available,2.57,34.5,medium,low,6,porkbun,,,28/09/2026 10:13
cef79e9f-7f52-464a-a316-c9d2504a13b6,ashok.guru,available,2.27,34.36,medium,low,5,spaceship,,,01/10/2026 12:17
eb8ee573-8101-4e19-9b13-2610fcd73074,modernisation.guru,available,2.27,34.36,high,low,13,spaceship,,,30/09/2026 23:56
84caf0b8-df24-4d70-b4dd-284612c4ce4c,sculptures.guru,available,2.27,34.36,medium,low,10,spaceship,,,01/10/2026 17:59
123b9609-1249-4045-b342-c26382238c8f,swearing.guru,available,4.5,,medium,low,8,unstoppable,,,30/09/2026 01:12
9babca4a-2394-46a9-8749-8a13aaa50520,asymptote.guru,available,4.49,42.99,medium,low,9,namesilo,,,20/09/2026 18:41
c0bc4590-d8c5-4c8c-9185-1c96a46e39e8,doomed.guru,available,2.98,54.98,medium,low,6,namecheap,,,14/08/2026 15:57
208bdefe-62eb-4bbc-84f5-a550c4dca2cc,ladle.guru,available,2.98,54.98,high,low,5,namecheap,,,22/08/2026 18:34
e84bf6ff-9495-45a2-8da0-ceeff75d9722,unintentional.guru,available,2.27,34.36,medium,low,13,spaceship,,,02/10/2026 07:05
b5748dda-4813-4067-affd-d5c3d94473d3,forgive.guru,available,2.27,34.36,high,low,7,spaceship,,,30/09/2026 19:56
ecbabce3-4acd-4bbb-a9b4-8bfebf261b2d,plugged.guru,available,2.98,54.98,high,low,7,namecheap,,,08/09/2026 21:30
29c8f20b-95d0-4d6a-ba17-39ca4a99394c,performances.guru,available,4.49,42.99,medium,low,12,namesilo,,,29/09/2026 23:43
5350d5d4-ca38-47ee-a85d-346d86e5ee34,woolen.guru,available,2.98,54.98,medium,low,6,namecheap,,,13/09/2026 13:13
bb7ffe59-8cb1-4ba0-9de8-f0fd9a62626e,malaria.guru,available,2.27,34.36,medium,low,7,spaceship,,,30/09/2026 03:44
c037dba6-7814-4595-aff8-ac228513f85c,manipulating.guru,available,33.2,33.2,medium,low,12,cloudflare,,,30/09/2026 14:55
36e86b28-d552-4b1b-a3a3-72934b3e00d7,normandy.guru,available,2.57,34.5,medium,low,8,porkbun,,,30/09/2026 05:51
11b58809-eee1-4054-8292-ae18c520c850,frederica.guru,available,4.5,,medium,low,9,unstoppable,,,02/10/2026 19:53
3fd50607-6d0d-4f83-9acc-593e2bc5f505,unwilling.guru,available,2.98,54.98,medium,low,9,namecheap,,,12/09/2026 22:40
14a3bdc4-8f0b-421e-92cd-a3e8206e1d49,yummy.guru,available,2.98,54.98,high,low,5,namecheap,,,14/08/2026 00:26
b294c031-4b86-40ef-8538-833fb49f99f6,louvered.guru,available,2.98,54.98,medium,low,8,namecheap,,,24/08/2026 10:04
443ca1d1-4447-473e-8b9a-8f9be8a21dde,cybersecurity.guru,resell,,,high,medium,13,,,,01/10/2026 13:29